controle,n_sentencas,H_obs,H_ref,delta_H,z_H,obra,janela_palavras
C2_ref_mc,11,2.3978952727983707,2.3978923197490083,2.953049362375282e-06,0.000945326028764679,,
C2_ref_mc,11,2.3978362316868553,2.3978923197490083,5.608806215295914e-05,-0.017954831954964535,,
C2_ref_mc,14,2.6384914365959298,2.638980899176345,0.0004894625804152675,-0.04148114542690413,,
C2_ref_mc,9,2.1971626494204335,2.1972245773362196,6.192791578607526e-05,-0.013554288307358971,,
C2_ref_mc,15,2.7075800785851003,2.7072491704320925,0.00033090815300784726,0.06846314644965,,
C2_ref_mc,9,2.1972245773362196,2.1972245773362196,0.0,0.0,,
C2_ref_mc,13,2.5649424566356447,2.5645129437501177,0.00042951288552695033,0.03595656312971699,,
C2_ref_mc,13,2.5647751069405578,2.5645129437501177,0.00026216319044003455,0.02194692551721744,,
C2_ref_mc,14,2.6385895234770276,2.638980899176345,0.0003913756993174644,-0.033168444227483676,,
C2_ref_mc,13,2.5647126260749245,2.5645129437501177,0.00019968232480671588,0.01671635557334361,,
C2_ref_mc,12,2.484906649788001,2.4845225460609894,0.0003841037270113645,0.1233651388710883,,
C2_ref_mc,16,2.7716766582480328,2.7721957274731834,0.000519069225150659,-0.1279519293222847,,
C2_ref_mc,10,2.302400995486135,2.302579773524076,0.0001787780379411963,-0.10539407157744363,,
C2_ref_mc,8,2.0794412242755325,2.0794415416798357,3.174043032849738e-07,-0.0001028280296191748,,
C2_ref_mc,12,2.484762964808769,2.4845225460609894,0.00024041874777935845,0.07721688211095169,,
C2_ref_mc,11,2.397820393213025,2.3978923197490083,7.19265359832022e-05,-0.02302502202980766,,
C2_ref_mc,14,2.63874024348386,2.638980899176345,0.0002406556924849923,-0.020395172536607054,,
C2_ref_mc,13,2.5645579574648405,2.5645129437501177,4.501371472276361e-05,0.0037683118008122332,,
C2_ref_mc,8,2.0793928162645,2.0794415416798357,4.872541533584851e-05,-0.01578535136262098,,
C2_ref_mc,9,2.1972245550267724,2.1972245773362196,2.2309447178514574e-08,-4.882913871669099e-06,,
C2_ref_mc,9,2.1972245773362196,2.1972245773362196,0.0,0.0,,
C2_ref_mc,14,2.6386856432668653,2.638980899176345,0.00029525590947976355,-0.02502245076404391,,
C2_ref_mc,13,2.564489609452629,2.5645129437501177,2.3334297488908362e-05,-0.001953424842465837,,
C2_ref_mc,9,2.197224576738959,2.1972245773362196,5.972604633086576e-10,-1.3072360681792283e-07,,
C2_ref_mc,11,2.397332181957669,2.3978923197490083,0.0005601377913393435,-0.17931052578881612,,
C2_ref_mc,9,2.19718754052275,2.1972245773362196,3.703681346944876e-05,-0.008106322348792222,,
C2_ref_mc,12,2.4848952257228034,2.4845225460609894,0.0003726796618139794,0.1196959961618688,,
C2_ref_mc,12,2.4844451533369583,2.4845225460609894,7.73927240311778e-05,-0.024856733940088995,,
C2_ref_mc,11,2.3978185492582327,2.3978923197490083,7.377049077561537e-05,-0.023615306257136474,,
C2_ref_mc,9,2.1972245773362196,2.1972245773362196,0.0,0.0,,
C2_ref_mc,13,2.56397455251859,2.5645129437501177,0.0005383912315277684,-0.04507128646714277,,
C2_ref_mc,11,2.3977279871172934,2.3978923197490083,0.00016433263171489187,-0.05260593206289426,,
C2_ref_mc,15,2.7077118296812452,2.7072491704320925,0.0004626592491527859,0.09572175131714308,,
C2_ref_mc,16,2.772168444592281,2.7721957274731834,2.7282880902479434e-05,-0.006725301905404105,,
C2_ref_mc,9,2.1972245773362196,2.1972245773362196,0.0,0.0,,
C2_ref_mc,9,2.1972245773362196,2.1972245773362196,0.0,0.0,,
C2_ref_mc,14,2.638667793557644,2.638980899176345,0.0003131056187011261,-0.026535184144828812,,
C2_ref_mc,12,2.4848230107605,2.4845225460609894,0.0003004646995106164,0.09650223826099533,,
C2_ref_mc,11,2.3976164400428797,2.3978923197490083,0.00027587970612863444,-0.08831422540176488,,
C2_ref_mc,10,2.3025313135656553,2.302579773524076,4.845995842073236e-05,-0.028568343098801283,,
C1_salad,11,2.3939949977500543,2.3972807741763953,0.0032857764263409805,-1.0776298986211446,memorias_braz_cubas,250.0
C1_salad,11,2.3977055914887226,2.3972807741763953,0.0004248173123273524,0.13932653285410243,memorias_braz_cubas,250.0
C1_salad,14,2.6373526794309274,2.637486905913581,0.00013422648265359882,-0.040876308433441394,memorias_braz_cubas,250.0
C1_salad,9,2.1790048033662632,2.1964765466552527,0.017471743288989483,-3.20252241281688,memorias_braz_cubas,250.0
C1_salad,15,2.7070218664953667,2.7062850190943584,0.0007368474010083226,0.12174672841964715,memorias_braz_cubas,250.0
C1_salad,9,2.190123530752816,2.1964765466552527,0.006353015902436532,-1.1644903133024331,memorias_braz_cubas,250.0
C1_salad,13,2.559586547379801,2.56429096589638,0.00470441851657899,-1.5471824614728786,memorias_braz_cubas,250.0
C1_salad,13,2.5639152971556416,2.56429096589638,0.0003756687407383552,-0.12354940040850125,memorias_braz_cubas,250.0
C1_salad,14,2.6347379641582704,2.637486905913581,0.0027489417553105966,-0.8371417386062973,memorias_braz_cubas,250.0
C1_salad,13,2.5640587172869274,2.56429096589638,0.00023224860945258996,-0.07638159189710306,memorias_braz_cubas,250.0
C1_salad,12,2.4846602004455423,2.483853859740423,0.0008063407051190907,0.2702147349641747,memorias_braz_cubas,250.0
C1_salad,15,2.7077909856830717,2.7062850190943584,0.001505966588713381,0.24882561169959205,memorias_braz_cubas,250.0
C1_salad,11,2.3900815607683743,2.3972807741763953,0.007199213408020988,-2.361112446009298,memorias_braz_cubas,250.0
C1_salad,8,2.068313734523717,2.079363594772084,0.011049860248367072,-5.868175420165562,memorias_braz_cubas,250.0
C1_salad,12,2.4809877887670417,2.483853859740423,0.0028660709733814294,-0.9604558018020383,memorias_braz_cubas,250.0
C1_salad,11,2.3958741052990282,2.3972807741763953,0.0014066688773670677,-0.46134253918141765,memorias_braz_cubas,250.0
C1_salad,14,2.652863442099428,2.637486905913581,0.015376536185847112,4.682652955994798,memorias_braz_cubas,250.0
C1_salad,13,2.5631611497543356,2.56429096589638,0.0011298161420443265,-0.37157232365692777,memorias_braz_cubas,250.0
C1_salad,8,2.077883047490646,2.079363594772084,0.0014805472814378717,-0.7862643481496137,memorias_braz_cubas,250.0
C1_salad,9,2.191792617876352,2.1964765466552527,0.004683928778900892,-0.8585512416451997,memorias_braz_cubas,250.0
C1_salad,9,2.196324711177837,2.1964765466552527,0.00015183547741592918,-0.02783102472617591,memorias_braz_cubas,250.0
C1_salad,14,2.6371811548738835,2.637486905913581,0.0003057510396975438,-0.09311108773352851,memorias_braz_cubas,250.0
C1_salad,13,2.5635250190886762,2.56429096589638,0.000765946807703699,-0.2519034952192279,memorias_braz_cubas,250.0
C1_salad,9,2.1953681627746557,2.1964765466552527,0.0011083838805969748,-0.20316371188063972,memorias_braz_cubas,250.0
C1_salad,11,2.391659584637786,2.3972807741763953,0.00562118953860935,-1.843570933207861,memorias_braz_cubas,250.0
C1_salad,9,2.1944571749208595,2.1964765466552527,0.0020193717343932605,-0.3701452758454162,memorias_braz_cubas,250.0
C1_salad,12,2.4814891100688454,2.483853859740423,0.002364749671577737,-0.7924568382885039,memorias_braz_cubas,250.0
C1_salad,12,2.481623549128989,2.483853859740423,0.002230310611434305,-0.7474046478498171,memorias_braz_cubas,250.0
C1_salad,11,2.3954056310285767,2.3972807741763953,0.0018751431478185587,-0.614987162268401,memorias_braz_cubas,250.0
C1_salad,9,2.176500254263168,2.1964765466552527,0.019976292392084538,-3.661599363753825,memorias_braz_cubas,250.0
C1_salad,13,2.5648203483691083,2.56429096589638,0.0005293824727283791,0.1741025536588737,memorias_braz_cubas,250.0
C1_salad,11,2.3817380741814334,2.3972807741763953,0.01554269999496194,-5.0975100087748775,memorias_braz_cubas,250.0
C1_salad,15,2.7079599391211144,2.7062850190943584,0.001674920026756066,0.27674119952524023,memorias_braz_cubas,250.0
C1_salad,16,2.771058827306332,2.7704603813578945,0.0005984459484373872,0.12865265222521022,memorias_braz_cubas,250.0
C1_salad,9,2.1949014436502714,2.1964765466552527,0.0015751030049813153,-0.288712041638498,memorias_braz_cubas,250.0
C1_salad,9,2.196581636170721,2.1964765466552527,0.00010508951546839285,0.019262618679367023,memorias_braz_cubas,250.0
C1_salad,14,2.633623254317579,2.637486905913581,0.0038636515960019935,-1.1766069645519477,memorias_braz_cubas,250.0
C1_salad,12,2.483496441465916,2.483853859740423,0.000357418274507193,-0.11977528072708381,memorias_braz_cubas,250.0
C1_salad,11,2.395956054883734,2.3972807741763953,0.0013247192926613138,-0.43446568841623967,memorias_braz_cubas,250.0
C1_salad,10,2.30118021448685,2.302065071595015,0.0008848571081649936,-0.25478398451698964,memorias_braz_cubas,250.0
C2_ref_mc,15,2.7077450272124137,2.707631855708187,0.00011317150422662792,0.011515187544842273,,
C2_ref_mc,9,2.1972245773362196,2.1972245773362196,0.0,0.0,,
C2_ref_mc,16,2.7723693154856512,2.7719761766642175,0.00039313882143376944,0.04202892048789239,,
C2_ref_mc,16,2.7720550542677227,2.7719761766642175,7.887760350522299e-05,0.008432493422822675,,
C2_ref_mc,14,2.6385858961019135,2.639001668643156,0.0004157725412423652,-0.2117093012597699,,
C2_ref_mc,22,3.089881223252317,3.0897397924884635,0.00014143076385364495,0.01985679417895364,,
C2_ref_mc,14,2.638841227747677,2.639001668643156,0.00016044089547895268,-0.0816957025922033,,
C2_ref_mc,12,2.484678837435986,2.4848563296209933,0.00017749218500728858,-0.05369097345535558,,
C2_ref_mc,12,2.4846669352763193,2.4848563296209933,0.00018939434467402094,-0.0572913490927488,,
C2_ref_mc,18,2.890039536490528,2.8894938806498347,0.0005456558406931045,0.055340037371586125,,
C2_ref_mc,14,2.6389392020324687,2.639001668643156,6.246661068720627e-05,-0.031807686147665624,,
C2_ref_mc,18,2.889472122328746,2.8894938806498347,2.1758321088860555e-05,-0.002206713852216867,,
C2_ref_mc,13,2.5647987704307154,2.5649112239484944,0.0001124535177789987,-0.07162839742032232,,
C2_ref_mc,21,3.0434983330189853,3.0424360155583896,0.0010623174605957075,0.14050580814910532,,
C2_ref_mc,18,2.8892321691378715,2.8894938806498347,0.00026171151196319187,-0.026542600248208748,,
C2_ref_mc,21,3.0434845735866585,3.0424360155583896,0.0010485580282688645,0.13868593769562346,,
C2_ref_mc,26,3.2568940038341,3.2567590303739022,0.0001349734601978625,0.014943638177681899,,
C2_ref_mc,14,2.638956172410666,2.639001668643156,4.549623248983892e-05,-0.023166454334850112,,
C2_ref_mc,10,2.302563743597793,2.3025850929940455,2.1349396252645647e-05,-0.013253673140596979,,
C2_ref_mc,21,3.043655149187533,3.0424360155583896,0.0012191336291436095,0.1612468609040075,,
C2_ref_mc,19,2.9432529358717145,2.943492560932647,0.00023962506093244684,-0.033387784952993445,,
C2_ref_mc,23,3.134043581678099,3.1342054586413117,0.0001618769632125705,-0.02563211301557299,,
C2_ref_mc,17,2.8325673991600926,2.8328799623317966,0.0003125631717040278,-0.08109526904657156,,
C2_ref_mc,14,2.6390272448979966,2.639001668643156,2.5576254840675716e-05,0.013023301214124355,,
C2_ref_mc,12,2.4849051025252025,2.4848563296209933,4.877290420912672e-05,0.01475369017021955,,
C2_ref_mc,14,2.6387998336110696,2.639001668643156,0.00020183503208626163,-0.10277339019321383,,
C2_ref_mc,13,2.564905519161151,2.5649112239484944,5.704787343407958e-06,-0.0036337215865056985,,
C2_ref_mc,17,2.83268920242859,2.8328799623317966,0.00019075990320649439,-0.04949311714969798,,
C2_ref_mc,20,2.994925323185523,2.9946534006314884,0.0002719225540346315,0.029496053444693023,,
C2_ref_mc,17,2.8329609157792546,2.8328799623317966,8.09534474579543e-05,0.02100356726628936,,
C2_ref_mc,17,2.832461375704719,2.8328799623317966,0.0004185866270778327,-0.10860331035518579,,
C2_ref_mc,14,2.6390378413067053,2.639001668643156,3.617266354938309e-05,0.018418939600632577,,
C2_ref_mc,13,2.564792481622249,2.5649112239484944,0.00011874232624542458,-0.07563411712594068,,
C2_ref_mc,12,2.484903386224132,2.4848563296209933,4.7056603138528885e-05,0.014234513085216722,,
C2_ref_mc,11,2.397737115923386,2.397805532528758,6.841660537215688e-05,-0.003682659007207295,,
C2_ref_mc,18,2.8890009525189244,2.8894938806498347,0.0004929281309102862,-0.04999242957141513,,
C2_ref_mc,15,2.707860416775639,2.707631855708187,0.00022856106745194893,0.023256062337813098,,
C2_ref_mc,11,2.3976957562067733,2.397805532528758,0.00010977632198461151,-0.0059089274999200815,,
C2_ref_mc,18,2.8888369371833544,2.8894938806498347,0.0006569434664802642,-0.06662675128677788,,
C2_ref_mc,14,2.6385209435536368,2.639001668643156,0.0004807250895191295,-0.24478281441103733,,
C1_salad,15,2.70805020110221,2.705467261440277,0.0025829396619330147,0.5234562234050679,quincas_borba,250.0
C1_salad,9,2.1962801570645882,2.195917712801707,0.0003624442628811231,0.08731472696509915,quincas_borba,250.0
C1_salad,16,2.7627188815889543,2.7704633695602565,0.0077444879713022274,-1.173504439127638,quincas_borba,250.0
C1_salad,16,2.7704590177402704,2.7704633695602565,4.351819986148087e-06,-0.000659421267222969,quincas_borba,250.0
C1_salad,14,2.6217036608649957,2.6376240804843243,0.015920419619328552,-3.1959525578589134,quincas_borba,250.0
C1_salad,22,3.0899412677595235,3.089898048331779,4.321942774465626e-05,0.0036660784654133937,quincas_borba,250.0
C1_salad,14,2.6688667042849366,2.6376240804843243,0.031242623800612268,6.271816059958961,quincas_borba,250.0
C1_salad,12,2.480967573145083,2.4832597940530534,0.0022922209079703215,-0.3950265407091663,quincas_borba,250.0
C1_salad,12,2.4822049120960514,2.4832597940530534,0.0010548819570019852,-0.18179154063296113,quincas_borba,250.0
C1_salad,18,2.8894311602068354,2.888808354111718,0.0006228060951172232,0.08162037538905745,quincas_borba,250.0
C1_salad,14,2.626331421334842,2.6376240804843243,0.011292659149482187,-2.2669504797473796,quincas_borba,250.0
C1_salad,18,2.890217724924091,2.888808354111718,0.001409370812372579,0.18470174853792884,quincas_borba,250.0
C1_salad,13,2.550626465865565,2.562971999521157,0.01234553365559199,-3.2011608088538965,quincas_borba,250.0
C1_salad,20,3.0020948674835117,2.9933187368632828,0.008776130620228972,1.4133200057317075,quincas_borba,250.0
C1_salad,17,2.831863837705896,2.8315881163284797,0.00027572137741627145,0.05039936148193223,quincas_borba,250.0
C1_salad,21,3.0414114204983203,3.0425827266361294,0.001171306137809136,-0.15425154298535143,quincas_borba,250.0
C1_salad,23,3.1257366759658325,3.1337419937204842,0.008005317754651742,-0.568519683548256,quincas_borba,250.0
C1_salad,16,2.768391449542585,2.7704633695602565,0.0020719200176713137,-0.3139532719612272,quincas_borba,250.0
C1_salad,9,2.186284627177484,2.195917712801707,0.00963308562422327,-2.3206609325924124,quincas_borba,250.0
C1_salad,20,2.9837453752795007,2.9933187368632828,0.00957336158378208,-1.541707163892416,quincas_borba,250.0
C1_salad,21,3.043750980856733,3.0425827266361294,0.0011682542206035151,0.15384963017807193,quincas_borba,250.0
C1_salad,22,3.092903222081562,3.089898048331779,0.003005173749783374,0.25491320324732053,quincas_borba,250.0
C1_salad,17,2.839824730957262,2.8315881163284797,0.008236614628782224,1.5055782832414806,quincas_borba,250.0
C1_salad,14,2.6564657814804784,2.6376240804843243,0.01884170099615412,3.7823866413648757,quincas_borba,250.0
C1_salad,10,2.2993748670995293,2.3012350204026957,0.0018601533031663564,-0.3827153388144928,quincas_borba,250.0
C1_salad,13,2.5636155303490837,2.562971999521157,0.0006435308279266749,0.1668656635766459,quincas_borba,250.0
C1_salad,13,2.5645607506024253,2.562971999521157,0.0015887510812682137,0.4119585137639141,quincas_borba,250.0
C1_salad,12,2.4849025893837204,2.4832597940530534,0.001642795330667024,0.28310873280585563,quincas_borba,250.0
C1_salad,22,3.0920899326100257,3.089898048331779,0.002191884278246903,0.18592610246100932,quincas_borba,250.0
C1_salad,16,2.7687162900198774,2.7704633695602565,0.001747079540379115,-0.26473094202498,quincas_borba,250.0
C1_salad,16,2.7715593897813724,2.7704633695602565,0.0010960202211158787,0.16607742172486947,quincas_borba,250.0
C1_salad,20,2.975064272139103,2.9933187368632828,0.018254464724179797,-2.9397238150876484,quincas_borba,250.0
C1_salad,16,2.7701351857224648,2.7704633695602565,0.0003281838377917623,-0.04972894165833656,quincas_borba,250.0
C1_salad,11,2.3972617898976747,2.39662776369867,0.0006340261990045448,0.1400930160524525,quincas_borba,250.0
C1_salad,12,2.4822498953831964,2.4832597940530534,0.0010098986698570123,-0.17403941157383823,quincas_borba,250.0
C1_salad,18,2.8848296685603283,2.888808354111718,0.0039786855513899155,-0.5214171967895429,quincas_borba,250.0
C1_salad,13,2.5618430802640852,2.562971999521157,0.0011289192570718143,-0.29272546516948916,quincas_borba,250.0
C1_salad,11,2.3915488926550057,2.39662776369867,0.005078871043664446,-1.1222160279268192,quincas_borba,250.0
C1_salad,15,2.706701931148151,2.705467261440277,0.0012346697078737812,0.25021704996104116,quincas_borba,250.0
C1_salad,13,2.5605833594067935,2.562971999521157,0.0023886401143635716,-0.6193674031331532,quincas_borba,250.0
