obra,nivel,idioma,embedder,janela_palavras,janela_idx,palavra_ini,n_sentencas,eps,H_obs,H_ref,delta_H,z_H,H_norm_obs,H_norm_ref,delta_H_norm,n_barras_obs,n_barras_ref,n_H1_obs,n_H1_ref,dB_obs_ref,dB_base,delta_dB,C_obs,C_ref,delta_T,Cpers_obs,Cpers_ref,delta_Tpers,beta_obs,n_barras,degenerado,palavras,palavras_por_frase,ttr,guiraud,freq_log,vocabulario_raro_frac,aspas_cem,maiusculas_cem
alice_wonderland,simples,en,sbert,4000,0,0,174,0.479492723941803,5.198303519940792,5.175510384767227,0.0227931351735648,2.177295348371129,0.9559080007183856,0.9655220180933448,0.0096140173749591,230,212.5,57,39.0,0.0687050126086772,0.0767204967332668,0.0,73.0,76.5,-3.5,69.93634548986832,71.39709162301273,-1.4607461331444114,"[49, 12, 0]",230,0,4099,23.557471264367816,0.2210295193949744,14.151068672430602,2.9085077833471757,0.03488655769699927,3.2202976335691633,10.734325445230544
alice_wonderland,simples,en,sbert,4000,1,4016,204,0.479492723941803,5.395048614660534,5.343031758316149,0.0520168563443848,3.904918658050072,0.9532760081191288,0.9612227208623774,0.0079467127432485,287,259.5,83,55.5,0.0625147086295545,0.0761154315400666,0.0,83.0,87.0,-4.0,82.15610830961306,82.90529895786524,-0.7491906482521813,"[33, 25, 0]",287,0,4178,20.480392156862745,0.21780756342747726,14.078525587539497,2.9083277179657157,0.04092867400670177,5.289612254667305,12.63762565820967
alice_wonderland,simples,en,sbert,4000,2,8018,190,0.479492723941803,5.27786577488325,5.26712903527985,0.0107367396034003,0.9421345520649954,0.951125141219416,0.9629249333314078,0.0117997921119917,257,237.5,67,47.5,0.0877459096289887,0.0670365070732089,0.0207094025557798,67.0,83.0,-16.0,70.45348779968441,77.85060369098954,-7.397115891305134,"[39, 14, 0]",257,0,4126,21.71578947368421,0.2183713039263209,14.026850852476302,2.922871493683972,0.04168686379059622,5.8167716917111,10.082404265632574
alice_wonderland,simples,en,sbert,4000,3,12044,239,0.479492723941803,5.542083682320145,5.505771191106758,0.0363124912133869,3.614724227251362,0.9503078472359134,0.96026912852416,0.0099612812882465,341,309.0,103,71.0,0.0716609054549474,0.0670525661368298,0.0046083393181176,99.0,108.0,-9.0,89.30191426114445,96.5899084529223,-7.287994191777855,"[31, 34, 0]",341,0,4173,17.460251046025103,0.20536784088185958,13.266508193030813,2.929702781342301,0.033549005511622335,8.986340762041696,13.946800862688713
alice_wonderland,simples,en,sbert,4000,4,16057,195,0.479492723941803,5.352474409264259,5.296650966071962,0.0558234431922972,3.72665594882483,0.94810464190155,0.9616193186002922,0.013514676698742,283,248.0,89,53.5,0.0918625392756441,0.0780740495312861,0.0137884897443579,70.0,87.5,-17.5,72.06498659209262,79.31888916907613,-7.253902576983506,"[26, 22, 0]",283,0,4141,21.235897435897435,0.2045399661917411,13.162269992839562,2.9435014780265814,0.035015696691620385,6.930693069306931,12.07437816952427
alice_wonderland,simples,en,sbert,4000,5,20062,249,0.479492723941803,5.499663825038535,5.553571723625171,0.0539078985866359,-3.860841388241455,0.9565642561776864,0.9560759925059842,0.0004882636717021,314,332.5,71,83.5,0.112969820834584,0.067751234754413,0.045218586080171,76.0,114.0,-38.0,86.96169089887316,100.17268795406837,-13.210997055195191,"[42, 17, 0]",314,0,4158,16.698795180722893,0.2106782106782107,13.585069471817674,2.9043125810893295,0.0456950456950457,9.932659932659933,15.632515632515632
alice_wonderland,simples,en,sbert,4000,6,24066,125,0.479492723941803,4.887150589279499,4.840721251742525,0.0464293375369742,3.443046993896292,0.9504998791876844,0.9692259453155154,0.0187260661278308,171,147.0,46,22.5,0.0861196321201904,0.0737388126837516,0.0123808194364388,56.0,59.0,-3.0,50.361253392926805,52.40975275645143,-2.04849936352462,"[24, 16, 0]",171,0,2552,20.416,0.27037617554858934,13.658680797519452,2.920256921920972,0.04075235109717868,7.131661442006269,11.716300940438872
perolas_infantis,simples,pt,sbert,4000,0,0,148,0.4562057852745056,5.037003437659904,5.0330861613861,0.0039172762738042,0.3016640317376944,0.9571157063889516,0.9618735424365495,0.004757836047598,193,187.5,45,39.5,0.0855089755754237,0.0485249998253916,0.036983975750032,45.0,75.5,-30.5,54.66221273306952,59.75236848771822,-5.0901557546487055,"[27, 9, 0]",193,0,4248,28.7027027027027,0.3488700564971751,22.738193062088584,2.505120562219595,0.17231638418079095,0.07062146892655367,8.356873822975517
perolas_infantis,simples,pt,sbert,4000,1,4012,147,0.4562057852745056,5.040180727011836,5.027875615125359,0.0123051118864774,1.0302672369723105,0.9558469844409914,0.960559564833048,0.0047125803920566,195,187.5,48,40.5,0.0477734781125279,0.0432271850729127,0.0045462930396151,74.0,71.0,3.0,57.94300218357744,59.28148142789712,-1.338479244319679,"[36, 19, 0]",195,0,4294,29.210884353741495,0.32999534233814626,21.624139291383447,2.558265941071382,0.14671634839310665,0.0,6.80018630647415
perolas_infantis,simples,pt,sbert,4000,2,8019,155,0.4562057852745056,5.118569689556715,5.081513712480135,0.0370559770765801,3.229866102339769,0.9420006555743224,0.9602296593264804,0.0182290037521578,229,199.0,74,44.0,0.0704613545219206,0.0493743462008049,0.0210870083211157,75.0,76.0,-1.0,57.815861379360086,62.376219359061054,-4.560357979700967,"[21, 27, 0]",229,0,4294,27.703225806451613,0.3048439683278994,19.976004468892683,2.576024983547109,0.14042850489054495,0.02328830926874709,5.938518863530508
perolas_infantis,simples,pt,sbert,4000,3,12049,25,0.4562057852745056,3.206705266023252,3.216851568711182,0.01014630268793,-2.4638579945289827,0.984226596296794,0.9988796949568224,0.0146530986600282,26,25.0,1,0.0,0.1466350692687933,0.0739447830767529,0.0726902861920403,11.0,18.5,-7.5,9.96355712222572,11.070814026709556,-1.107256904483835,"[9, 1, 0]",26,0,686,27.44,0.5364431486880467,14.05030528911031,2.4156123059357615,0.21282798833819241,0.0,6.2682215743440235
dom_casmurro,intermediario,pt,sbert,4000,0,0,236,0.4636055827140808,5.4734535175929695,5.512191959040299,0.0387384414473297,-2.8535305896555347,0.9783263418286468,0.9604883126233204,0.0178380292053264,269,309.5,33,74.0,0.0855069834508531,0.0970339646550349,0.0,132.0,159.5,-27.5,98.39814253287356,99.78126163813212,-1.3831191052585723,"[82, 25, 0]",269,0,4084,17.305084745762713,0.36116552399608226,23.080709432212462,2.5657468673415367,0.13932419196865817,0.5386875612144956,10.871694417238002
dom_casmurro,intermediario,pt,sbert,4000,1,4005,235,0.4636055827140808,5.517244205285416,5.511005911194276,0.0062382940911396,0.4488320979311846,0.9612270494251468,0.9596135975987864,0.0016134518263604,311,312.5,77,77.5,0.11222474915407,0.0575893222970356,0.0546354268570343,124.0,157.5,-33.5,95.39637956952956,99.71952526050296,-4.323145690973405,"[54, 35, 0]",311,0,4104,17.463829787234044,0.35526315789473684,22.759035221435166,2.611152815679903,0.12524366471734893,0.24366471734892786,8.723196881091617
dom_casmurro,intermediario,pt,sbert,4000,2,8019,227,0.4636055827140808,5.506648135683889,5.466562973138062,0.0400851625458269,2.9753940700168866,0.9490754547602672,0.9630621207309882,0.0139866659707208,331,293.0,107,67.0,0.1230364350650572,0.0881359947462274,0.0349004403188297,186.0,154.5,31.5,92.28435638037077,96.20609997574468,-3.9217435953739113,"[44, 71, 0]",331,0,4109,18.101321585903083,0.3290338281820394,21.091556028470666,2.651596548687651,0.11097590654660501,0.34071550255536626,10.051107325383304
dom_casmurro,intermediario,pt,sbert,4000,3,12021,252,0.4636055827140808,5.622067315361706,5.588831893601043,0.0332354217606631,2.3060428166404905,0.9460301384045702,0.9574929525979996,0.0114628141934293,381,344.0,131,92.0,0.1275574429681256,0.0965308735271894,0.0310265694409362,160.0,166.0,-6.0,100.27451933103356,106.570203629928,-6.295684298894429,"[48, 56, 0]",381,0,4101,16.273809523809526,0.33162643257742014,21.23704189159336,2.6408698286337677,0.11314313582053158,0.2194586686174104,11.02170202389661
dom_casmurro,intermediario,pt,sbert,4000,4,16025,236,0.4636055827140808,5.5666904600472416,5.512191959040299,0.0544985010069423,4.0144397632807305,0.943962220588636,0.9604883126233204,0.0165260920346843,364,309.5,129,74.0,0.1208397077758088,0.0970339646550349,0.0238057431207739,92.0,159.5,-67.5,92.57378055407396,99.78126163813212,-7.207481084058159,"[42, 25, 0]",364,0,4136,17.52542372881356,0.33268858800773693,21.395782226846627,2.613006877036025,0.11726305609284332,0.2901353965183752,9.45357833655706
dom_casmurro,intermediario,pt,sbert,4000,5,20052,224,0.4636055827140808,5.521896158004952,5.458746772713994,0.0631493852909583,4.922863176641656,0.9421766888367232,0.9604385038894392,0.018261815052716,351,294.0,127,70.0,0.087440987149514,0.0857355959219659,0.001705391227548,97.0,149.5,-52.5,88.63560730359657,94.9466894298718,-6.311082126275238,"[35, 31, 0]",351,0,4111,18.352678571428573,0.3184140111894916,20.41577675835638,2.693734567575011,0.10484067136949647,0.31622476283142786,9.997567501824374
dom_casmurro,intermediario,pt,sbert,4000,6,24054,223,0.4636055827140808,5.452374410085383,5.455765385381423,0.0033909752960399,-0.2181083590004705,0.9610547739515174,0.960267924947396,0.0007868490041214,291,294.5,68,71.5,0.0875169758101886,0.082412104379781,0.0051048714304075,115.0,150.0,-35.0,89.25085584798438,94.46632581908808,-5.215469971103687,"[51, 32, 0]",291,0,4109,18.426008968609864,0.3370649793137016,21.606364718514698,2.6072617886209675,0.11852032124604527,0.14602092966658553,9.004623996106108
dom_casmurro,intermediario,pt,sbert,4000,7,28060,225,0.4636055827140808,5.488497691214498,5.464121679366662,0.0243760118478357,1.4677721254947227,0.9484352891563224,0.9597923000228026,0.0113570108664802,326,297.5,101,72.5,0.0806007052552096,0.0846530752187383,0.0,138.0,149.5,-11.5,90.22818747520476,95.44213188057712,-5.213944405372345,"[44, 47, 0]",326,0,4098,18.213333333333335,0.3367496339677892,21.55723764482706,2.6335297146566106,0.11957052220595413,0.2440214738897023,8.101512933138116
dom_casmurro,intermediario,pt,sbert,4000,8,32063,200,0.4636055827140808,5.363394531252236,5.3356172005523765,0.0277773306998598,2.2450089894819376,0.9548892838948702,0.9650211773353548,0.0101318934404847,275,252.0,75,52.5,0.0697035650426034,0.0774315056042565,0.0,135.0,133.0,2.0,83.61205219240206,84.94851656262844,-1.3364643702263803,"[55, 40, 0]",275,0,4106,20.53,0.33877252800779345,21.707892262005554,2.6659459051566468,0.11154408183146615,0.12177301509985387,8.597174866049683
dom_casmurro,intermediario,pt,sbert,4000,9,36070,210,0.4636055827140808,5.430071690734946,5.386041806729294,0.0440298840056527,2.497075211422656,0.9455108265064543,0.9638901015787756,0.0183792750723212,312,267.0,102,57.0,0.1213861154635462,0.0826505462331942,0.038735569230352,106.0,138.0,-32.0,84.13387156781533,89.1087848864747,-4.974913318659361,"[44, 31, 0]",312,0,4111,19.576190476190476,0.32327900754074435,20.727706120592536,2.699436934476175,0.10338117246412065,0.19459985405010946,8.611043541717343
dom_casmurro,intermediario,pt,sbert,4000,10,40082,220,0.4636055827140808,5.424888606100289,5.44112926142514,0.016240655324851,-1.2432648754163227,0.9627490976857588,0.9622390020057796,0.0005100956799791,280,286.0,61,66.0,0.095803715558373,0.0678861759680621,0.0279175395903109,130.0,150.0,-20.0,90.4646612668488,93.41436678990968,-2.949705523060871,"[50, 40, 0]",280,0,4070,18.5,0.3203931203931204,20.439976247359706,2.6692522916839523,0.10417690417690417,0.2702702702702703,9.090909090909092
dom_casmurro,intermediario,pt,sbert,4000,11,44084,236,0.4636055827140808,5.522213287957535,5.512191959040299,0.0100213289172357,0.7381858315908802,0.9563016702515064,0.9604883126233204,0.0041866423718142,322,309.5,87,74.0,0.1196294438273142,0.0970339646550349,0.0225954791722793,165.0,159.5,5.5,98.0722543565283,99.78126163813212,-1.709007281603817,"[53, 56, 0]",322,0,4128,17.491525423728813,0.32558139534883723,20.918446293853595,2.676237894680505,0.10537790697674419,0.31492248062015504,10.65891472868217
dom_casmurro,intermediario,pt,sbert,4000,12,48123,204,0.4636055827140808,5.33297583552512,5.357190395483917,0.0242145599587964,-1.7046800194130445,0.973057322351966,0.9642979947078846,0.0087593276440814,240,259.5,36,55.5,0.126864733270021,0.0686675935252825,0.0581971397447385,122.0,133.0,-11.0,85.23359604077014,86.6550246805476,-1.42142863977746,"[80, 21, 0]",240,0,4105,20.122549019607842,0.32984165651644337,21.13304528276188,2.662577200835537,0.12058465286236297,0.19488428745432398,8.599269183922047
dom_casmurro,intermediario,pt,sbert,4000,13,52130,231,0.4636055827140808,5.503457025508766,5.487044172197532,0.0164128533112339,1.0791201680219211,0.9540830043130152,0.9632957565908804,0.0092127522778651,320,297.5,89,67.5,0.1111049633408329,0.0738443442331992,0.0372606191076336,156.0,154.5,1.5,94.64883371670712,97.83889132631546,-3.190057609608345,"[64, 46, 0]",320,0,4090,17.705627705627705,0.32273838630806845,20.64012281762515,2.6625230508096758,0.10513447432762836,0.2200488997555012,9.706601466992666
dom_casmurro,intermediario,pt,sbert,4000,14,56131,233,0.4636055827140808,5.546884157339402,5.496576685197425,0.0503074721419771,3.844514363316637,0.946440280508844,0.96109159034712,0.014651309838276,351,306.0,119,73.0,0.0829996395235245,0.0774481461968322,0.0055514933266922,156.0,160.5,-4.5,94.80450200903894,98.78471564761712,-3.980213638578192,"[46, 55, 0]",351,0,4129,17.721030042918454,0.3400339065148946,21.849659144867964,2.6409106961682056,0.11382901428917414,0.07265681763138775,8.91256962945023
dom_casmurro,intermediario,pt,sbert,4000,15,60157,234,0.4636055827140808,5.528317310187081,5.506886804630633,0.0214305055564478,1.4352134243761454,0.9563332632012388,0.960964096385565,0.0046308331843261,324,307.0,90,73.5,0.0535218177791202,0.069691984999401,0.0,125.0,157.5,-32.5,97.50919732463429,99.16318000367237,-1.6539826790380658,"[53, 36, 0]",324,0,4130,17.64957264957265,0.33438256658595644,21.4891210721892,2.670291823827922,0.11113801452784504,0.09685230024213075,9.539951573849878
dom_casmurro,intermediario,pt,sbert,4000,16,64161,70,0.4636055827140808,4.233009367707577,4.247436667115128,0.0144272994075507,-2.2948183665207,0.9897918728996964,0.9933357960079324,0.0035439231082361,72,72.0,2,2.0,0.157372328581869,0.0993798230653652,0.0579925055165038,33.0,46.0,-13.0,29.371268679510354,30.927770877381853,-1.5565021978714988,"[33, 0, 0]",72,0,1578,22.542857142857144,0.5196451204055766,20.642407774592886,2.4598557484983608,0.18694550063371357,0.5069708491761724,26.045627376425855
hamlet,intermediario,en,sbert,4000,0,0,419,0.5144368410110474,5.775643028357024,5.854830629118635,0.0791876007616112,-2.2198530794882045,0.939036911632,0.941530619248238,0.0024937076162379,469,503.0,165,176.5,0.1498810509101859,0.0897565055073904,0.0601245454027955,149.0,185.5,-36.5,121.71425947175273,141.07503784437824,-19.36077837262553,"[33, 58, 0]",469,0,4130,9.856801909307876,0.27167070217917677,17.458938336709835,2.695478089120554,0.08353510895883777,0.0,25.56900726392252
hamlet,intermediario,en,sbert,4000,1,4016,419,0.5144368410110474,5.802605849197985,5.854830629118635,0.0522247799206505,-1.4640087263339765,0.9352166699461434,0.941530619248238,0.0063139493020946,495,503.0,193,176.5,0.1460820677880067,0.0897565055073904,0.0563255622806163,100.0,185.5,-85.5,119.64445359268406,141.07503784437824,-21.430584251694185,"[24, 38, 0]",495,0,4138,9.875894988066825,0.28250362493958436,18.172692083298337,2.6921943433198017,0.09376510391493476,0.0,21.67713871435476
hamlet,intermediario,en,sbert,4000,2,8028,431,0.5144368410110474,5.760620276888751,5.880050836077636,0.1194305591888849,-3.636865994447502,0.954838048903466,0.9411412548164936,0.0136967940869723,417,514.5,111,181.5,0.1195434006190069,0.0869283229608538,0.0326150776581531,147.0,186.0,-39.0,131.50972159771513,142.46765426967093,-10.957932671955804,"[51, 48, 0]",417,0,4101,9.51508120649652,0.2726164350158498,17.458097672648073,2.741890761056935,0.08193123628383321,0.0,19.263594245306024
hamlet,intermediario,en,sbert,4000,3,12029,380,0.5144368410110474,5.747986616747698,5.750069316174544,0.0020826994268459,-0.0664661225709525,0.940866536979796,0.9431712488462276,0.0023047118664316,450,440.0,152,144.5,0.0731416049076661,0.0883433524549127,0.0,154.0,170.5,-16.5,123.19026388591097,126.7463046940943,-3.5560408081833543,"[38, 58, 0]",450,0,4151,10.923684210526316,0.29077330763671405,18.734016716057287,2.7178633875066414,0.10551674295350517,0.0,19.9951818838834
hamlet,intermediario,en,sbert,4000,4,16032,449,0.5144368410110474,5.9538801360922,5.920495483301966,0.0333846527902332,0.9682153900232086,0.9317145388244752,0.9408516726803556,0.0091371338558803,596,539.5,259,194.0,0.0890499133886497,0.0808488782330283,0.0082010351556213,248.0,198.5,49.5,148.04327367888,148.89409926935198,-0.8508255904719704,"[36, 106, 0]",596,0,4117,9.169265033407573,0.2924459557930532,18.764459245468174,2.6792548041435293,0.10128734515423853,0.0,20.91328637357299
hamlet,intermediario,en,sbert,4000,5,20040,442,0.5144368410110474,5.904820805132019,5.900253806262199,0.0045669988698193,0.1188367374576557,0.9371562528174492,0.9411334724542456,0.0039772196367965,545,531.5,211,190.0,0.0779107932483499,0.085534322687747,0.0,175.0,199.0,-24.0,139.96613211740987,144.56510676136304,-4.59897464395317,"[39, 68, 0]",545,0,4173,9.441176470588236,0.2815720105439732,18.18920318181004,2.705402619950703,0.08818595734483585,0.0,22.7653965971723
hamlet,intermediario,en,sbert,4000,6,24085,426,0.5144368410110474,5.828963456209699,5.856194321630039,0.0272308654203401,-1.2285060907827687,0.9460748765399488,0.9410722176650238,0.0050026588749251,474,500.0,158,176.5,0.081659822042336,0.0810529965480931,0.0006068254942428,214.0,182.5,31.5,135.82703253687637,140.76464998010675,-4.93761744323038,"[42, 86, 0]",474,0,4145,9.730046948356808,0.2706875753920386,17.4273193460689,2.7392604741425717,0.09215922798552473,0.0,20.43425814234017
hamlet,intermediario,en,sbert,4000,7,28086,461,0.5144368410110474,5.892743099992272,5.940717329828416,0.0479742298361447,-1.677681250243093,0.9382757474356735,0.939268175929456,0.0009924284937824,534,558.0,201,205.0,0.1127221305693639,0.0678406937842977,0.0448814367850661,189.0,210.0,-21.0,139.8789333076899,150.95220198824302,-11.073268680553127,"[41, 74, 0]",534,0,4021,8.72234273318872,0.2782889828400895,17.646681608678165,2.7154589941286935,0.0910221337975628,0.0,22.183536433722953
ulysses,complexo,en,sbert,4000,0,0,335,0.5766736268997192,5.933508980761065,5.888983362732989,0.0445256180280759,2.592068583723832,0.9366153382755892,0.9431286770929068,0.0065133388173175,564,517.0,233,183.5,0.1234881383959936,0.0890124112234087,0.0344757271725849,196.0,256.5,-60.5,157.4538252323234,172.6948780636681,-15.241052831344716,"[32, 82, 0]",564,0,4034,12.041791044776119,0.32449181953396133,20.609701399339958,2.6792885792447256,0.11774913237481408,0.0,16.608824987605356
ulysses,complexo,en,sbert,4000,1,4004,299,0.5766736268997192,5.811860352894291,5.766859453913398,0.0450008989808932,2.537090813400886,0.9339958407123912,0.9448031702283358,0.0108073295159447,504,449.5,207,151.5,0.1128656592427173,0.0935260343119027,0.0193396249308145,161.0,226.5,-65.5,141.95801692408838,154.78267111853847,-12.82465419445009,"[25, 68, 0]",504,0,4092,13.68561872909699,0.32991202346041054,21.104057232474382,2.714980062727982,0.10532746823069404,0.0,17.7663734115347
ulysses,complexo,en,sbert,4000,2,8005,359,0.5766736268997192,5.971430040066588,5.962472851077079,0.008957188989509,0.5427942836942632,0.9407694790454172,0.942836051512405,0.0020665724669877,571,557.5,215,200.0,0.1203664304501346,0.0826928032773524,0.0376736271727822,166.0,281.0,-115.0,170.85078832900643,185.58458586943044,-14.733797540424009,"[36, 65, 0]",571,0,4055,11.295264623955433,0.34130702836004934,21.734049950488018,2.6484234237708493,0.13168927250308263,0.0,17.065351418002464
ulysses,complexo,en,sbert,4000,3,12012,447,0.5766736268997192,6.262244161243734,6.211804613144031,0.0504395480997024,2.8738096654716805,0.931517033116411,0.9372324167321588,0.0057153836157477,831,758.5,386,312.5,0.0777607085219499,0.0839666429886335,0.0,338.0,366.0,-28.0,222.8546964252664,229.41049473892684,-6.555798313660432,"[26, 156, 0]",831,0,4086,9.140939597315436,0.4344101811062164,27.768292555782647,2.421834954617492,0.21169848262359275,0.0,17.79246206558982
ulysses,complexo,en,sbert,4000,4,16016,508,0.5766736268997192,6.3674105432493375,6.359218660196621,0.0081918830527163,0.416968923204418,0.933635669297046,0.9329048569511408,0.0007308123459053,916,911.5,412,406.5,0.1033173598108099,0.0774576634507828,0.0258596963600271,496.0,427.5,68.5,251.0767935362804,261.878620849771,-10.801827313490575,"[48, 224, 0]",916,0,4056,7.984251968503937,0.41420118343195267,26.379120306895764,2.4908046444214493,0.16863905325443787,0.0,16.987179487179485
ulysses,complexo,en,sbert,4000,5,20020,524,0.5766736268997192,6.419711879430198,6.390224410773656,0.0294874686565425,1.8333401383706356,0.9344486126418546,0.9331617045088848,0.0012869081329697,963,941.5,446,420.5,0.1087123714343592,0.068581601451655,0.0401307699827042,422.0,449.0,-27.0,252.8223639074316,268.48938449262926,-15.667020585197632,"[26, 198, 0]",963,0,4060,7.748091603053435,0.35591133004926107,22.678004143248195,2.6386302221319315,0.10886699507389162,0.0,17.75862068965517
ulysses,complexo,en,sbert,4000,6,24021,535,0.5766736268997192,6.419333543030817,6.416676531210623,0.0026570118201938,0.1854606648337128,0.9371117242710456,0.9325800896187456,0.0045316346522999,944,971.5,416,441.0,0.0878934976223591,0.0792730537369772,0.0086204438853819,499.0,469.0,30.0,262.2827670046425,274.95141887872546,-12.668651874082968,"[45, 227, 0]",944,0,4114,7.689719626168224,0.32936315021876517,21.12550753346359,2.697230259440649,0.09528439474963539,0.0,20.17501215362178
ulysses,complexo,en,sbert,4000,7,28025,545,0.5766736268997192,6.44689875937493,6.434991834879089,0.0119069244958414,0.7953767594318166,0.9357447301057296,0.933242515480008,0.0025022146257215,982,992.0,438,452.0,0.0757518924511343,0.0671050311794774,0.0086468612716568,462.0,495.0,-33.0,267.83518350564646,279.4775396225989,-11.6423561169525,"[38, 212, 0]",982,0,4096,7.51559633027523,0.365478515625,23.390625,2.6215994774746507,0.114990234375,0.0,23.2177734375
ulysses,complexo,en,sbert,4000,8,32035,487,0.5766736268997192,6.352314804109556,6.30853377368282,0.0437810304267358,2.614812268577212,0.9336826479270788,0.9340472240290222,0.0003645761019432,901,855.5,418,374.5,0.0804809739947355,0.077224056164937,0.0032569178297984,491.0,440.0,51.0,245.4785255682897,251.506075898092,-6.027550329802267,"[33, 229, 0]",901,0,4103,8.425051334702259,0.33877650499634415,21.700215251119477,2.658327410080354,0.10991957104557641,0.0,21.764562515232758
ulysses,complexo,en,sbert,4000,9,36045,532,0.5766736268997192,6.447078419578379,6.401341116567995,0.0457373030103838,3.2533776950314905,0.9321012070913368,0.9335587780988076,0.0014575710074707,1009,950.0,480,422.5,0.069926789825683,0.0760054500751607,0.0,486.0,458.0,28.0,265.7607089178988,272.3198087818374,-6.559099863938627,"[30, 228, 0]",1009,0,4088,7.684210526315789,0.3282778864970646,20.989257339864615,2.6994196040671072,0.09907045009784736,0.0,19.667318982387474
ulysses,complexo,en,sbert,4000,10,40046,441,0.5766736268997192,6.196885245681419,6.192256701065934,0.0046285446154854,0.2704624173782379,0.9321864830976924,0.9364752527874104,0.004288769689718,771,745.5,347,309.0,0.1489491160440282,0.0871749140534924,0.0617742019905357,348.0,363.0,-15.0,212.97641472555225,226.499216485489,-13.522801759936756,"[46, 151, 0]",771,0,4087,9.267573696145124,0.35747492047956936,22.853246133113142,2.593899617253941,0.13383900171274773,0.0,23.51357964276976
ulysses,complexo,en,sbert,4000,11,44046,427,0.5766736268997192,6.0605369377450256,6.161339389639919,0.1008024518948937,-6.480091633094723,0.9374977420117682,0.9366877574358384,0.0008099845759298,642,721.0,257,296.5,0.200062995051193,0.0774089060082893,0.1226540890429036,215.0,353.0,-138.0,180.3105210967984,219.85654665982813,-39.54602556302976,"[43, 86, 0]",642,0,4145,9.707259953161593,0.33775633293124246,21.745318257126968,2.6522028337202777,0.11676718938480096,0.024125452352231604,25.40410132689988
ulysses,complexo,en,sbert,4000,12,48068,468,0.5766736268997192,6.230840701423178,6.2615383991521885,0.0306976977290105,-2.079924537270708,0.9412041992642588,0.9359600340626923,0.0052441652015664,750,802.0,294,338.5,0.1463237723841181,0.0888114886714929,0.0575122837126251,363.0,381.5,-18.5,226.4164283673868,240.330142565666,-13.913714198279196,"[57, 153, 0]",750,0,4110,8.782051282051283,0.3763990267639903,24.13067123815442,2.618536245363992,0.1340632603406326,0.0,21.970802919708028
ulysses,complexo,en,sbert,4000,13,52068,559,0.5766736268997192,6.444064173882424,6.465924311836829,0.0218601379544045,-1.2188266352399288,0.9392770849124108,0.9324154179945244,0.0068616669178862,954,1026.0,401,470.5,0.0682345223111958,0.0718505713587126,0.0,479.0,487.0,-8.0,279.7135097508764,287.2367161391068,-7.523206388230335,"[63, 208, 0]",954,0,4140,7.40608228980322,0.3743961352657005,24.089707546208107,2.600166052982452,0.1292270531400966,0.0,20.99033816425121
ulysses,complexo,en,sbert,4000,14,56097,609,0.5766736268997192,6.557267224013772,6.560997051631613,0.0037298276178407,-0.2258632946329659,0.9381818119293576,0.9303221599058352,0.0078596520235225,1085,1157.5,483,553.5,0.0765016587328132,0.0644752347370735,0.0120264239957396,429.0,521.0,-92.0,294.3401876999,312.348039444453,-18.007851744553022,"[43, 193, 0]",1085,0,4095,6.724137931034483,0.4048840048840049,25.909412963200847,2.4871912998338246,0.16385836385836386,0.0,21.343101343101342
ulysses,complexo,en,sbert,4000,15,60098,491,0.5766736268997192,6.30194015921567,6.316718343409264,0.0147781841935934,-0.9484615082695824,0.9382641608899778,0.9335181343491004,0.0047460265408774,826,867.0,339,380.5,0.12268176661678,0.0753933525653603,0.0472884140514197,349.0,430.5,-81.5,231.77172001755176,252.59332571563323,-20.82160569808147,"[41, 154, 0]",826,0,4122,8.395112016293279,0.3609898107714702,23.176557950393487,2.602959238493747,0.12348374575448812,0.0,22.076661814653082
ulysses,complexo,en,sbert,4000,16,64098,343,0.5766736268997192,5.973102036979214,5.914008342171201,0.0590936948080136,4.25211183724682,0.9262218146275732,0.9422207577101857,0.0159989430826122,632,530.0,293,189.5,0.0967384067740099,0.0844620275220509,0.0122763792519589,270.0,267.5,2.5,173.4152729690595,176.98244516184448,-3.5671721927849944,"[38, 116, 0]",632,0,4082,11.900874635568513,0.3637922586967173,23.24288072001027,2.603557262298065,0.15972562469377757,0.0,19.10828025477707
ulysses,complexo,en,sbert,4000,17,68104,316,0.5766736268997192,5.88838049025836,5.821833388078485,0.0665471021798751,3.664777189926459,0.9264129565756408,0.9455229912102172,0.0191100346345765,576,473.5,264,158.0,0.1125898534507438,0.1003741860878454,0.0122156673628983,204.0,235.5,-31.5,161.13915940683947,163.42340930524256,-2.2842498984030897,"[30, 87, 0]",576,0,4068,12.873417721518987,0.3888888888888889,24.803673563047514,2.5528139581275187,0.1735496558505408,0.0,19.100294985250738
ulysses,complexo,en,sbert,4000,18,72105,391,0.5766736268997192,6.101026604622657,6.056552963560333,0.0444736410623241,2.923004969824848,0.934809072235121,0.940247426920504,0.005438354685383,683,627.0,295,238.5,0.096329571674317,0.0815311983014567,0.0147983733728602,245.0,316.0,-71.0,189.7905759274841,201.03532140434743,-11.24474547686333,"[39, 103, 0]",683,0,4055,10.37084398976982,0.3632552404438964,23.131687555685588,2.5905087741977946,0.1435265104808878,0.0,22.12083847102343
ulysses,complexo,en,sbert,4000,19,76107,308,0.5766736268997192,5.796686091092272,5.800289156424372,0.0036030653320997,-0.2379902864020951,0.9367224759315446,0.9453494030045456,0.0086269270730011,487,460.0,189,153.5,0.1747640113947475,0.1009886161696155,0.0737753952251319,159.0,234.0,-75.0,141.7348913941082,158.60060192695283,-16.865710532844645,"[29, 65, 0]",487,0,4094,13.292207792207792,0.35906204201270153,22.974359659382703,2.581190774172798,0.13629702002931118,0.0,19.467513434294087
ulysses,complexo,en,sbert,4000,20,80123,433,0.5766736268997192,6.165425272599906,6.182093407400114,0.0166681348002075,-0.9789193432906896,0.9347529469104572,0.9358811124760452,0.001128165565588,732,739.5,306,308.5,0.1445115797789085,0.0834053997826065,0.061106179996302,359.0,358.5,0.5,204.0018712951772,223.08756887383888,-19.085697578661662,"[35, 162, 0]",732,0,4102,9.473441108545035,0.3673817649926865,23.529647677854815,2.5841239787788153,0.13432471964895173,0.0,22.81813749390541
ulysses,complexo,en,sbert,4000,21,84132,371,0.5766736268997192,5.996965333063716,5.9993161740244485,0.0023508409607329,-0.1527301517539732,0.9348206848985996,0.9416835019703682,0.0068628170717685,611,584.0,251,216.0,0.178210185864902,0.0849322772186789,0.093277908646223,242.0,302.0,-60.0,163.4749845265793,190.7024304709776,-27.227445944398283,"[20, 111, 0]",611,0,4104,11.06199460916442,0.3791423001949318,24.2887920470186,2.4868387333383466,0.15253411306042886,0.0,22.246588693957115
ulysses,complexo,en,sbert,4000,22,88142,528,0.5766736268997192,6.465314702880724,6.400144256690835,0.0651704461898887,4.083148190066442,0.9293858217005624,0.9333136212453998,0.0039277995448374,1050,948.0,540,424.0,0.16564473433415,0.074918674289064,0.0907260600450859,285.0,455.0,-170.0,241.5453540458664,271.35708332935246,-29.811729283486105,"[21, 132, 0]",1050,0,4092,7.75,0.35899315738025417,22.96434079592953,2.4835855964494633,0.14467253176930597,0.0,23.435972629521018
ulysses,complexo,en,sbert,4000,23,92145,687,0.5766736268997192,6.690984328893207,6.700949614383274,0.0099652854900664,-0.7294266077611223,0.9344859853861096,0.9281655596227104,0.0063204257633989,1287,1368.5,621,685.5,0.1485704877275066,0.0733077733898544,0.0752627143376521,354.0,618.5,-264.5,298.78621665384566,352.99377322600265,-54.20755657215699,"[18, 168, 0]",1287,0,4091,5.954876273653566,0.34832559276460523,22.279227313566384,2.486746156724283,0.12930823759472013,0.0,25.861647518944025
ulysses,complexo,en,sbert,4000,24,96148,634,0.5766736268997192,6.533868523632023,6.610072700219377,0.0762041765873542,-3.941183774682621,0.9339746894975116,0.9300671472750804,0.0039075422224312,1092,1217.0,509,587.0,0.1812762134468469,0.0772301216995657,0.1040460917472812,377.0,550.5,-173.5,269.8434102945112,324.75500726721475,-54.91159697270359,"[27, 175, 0]",1092,0,4096,6.460567823343848,0.35546875,22.75,2.5389960703594405,0.12939453125,0.0,23.9990234375
ulysses,complexo,en,sbert,4000,25,100158,177,0.5766736268997192,5.289419491849346,5.202270721459639,0.0871487703897067,5.500200354272122,0.9289898721792742,0.9613083806678696,0.0323185084885955,297,225.0,121,48.5,0.1181430403208476,0.1323320566468773,0.0,88.0,113.0,-25.0,85.08858816506172,92.67214207474062,-7.583553909678898,"[14, 37, 0]",297,0,4099,23.15819209039548,0.3954623078799707,25.318854655640184,2.570062231252373,0.17711636984630397,0.0,19.151012442059038
ulysses,complexo,en,sbert,4000,26,104176,151,0.5766736268997192,5.071695005228761,5.0352862066698645,0.0364087985588961,2.857032909059347,0.9395224422937082,0.9690505562926306,0.0295281139989224,221,180.0,74,29.0,0.182041963240284,0.1013241916700173,0.0807177715702666,97.0,92.5,4.5,75.07617955583375,79.61821525168189,-4.542035695848142,"[21, 38, 0]",221,0,4109,27.211920529801326,0.4078851302019956,26.146041348902987,2.5723621976463105,0.1827695302993429,0.0,10.975906546605014
ulysses,complexo,en,sbert,4000,27,108214,327,0.5766736268997192,5.727421747481388,5.857302652856676,0.1298809053752885,-9.421120275237651,0.9302324664239024,0.9448911287126202,0.0146586622887177,472,490.5,180,167.5,0.2252829058450275,0.0838465653490818,0.1414363404959457,149.0,247.5,-98.5,128.11048793895517,168.2737922073093,-40.163304268354125,"[27, 61, 0]",472,0,4091,12.510703363914374,0.33219261794182353,21.24734731167489,2.6886690164064992,0.127352725494989,0.0,19.384013688584698
ulysses,complexo,en,sbert,4000,28,112220,197,0.5766736268997192,5.371196082084123,5.315352366670291,0.0558437154138315,4.246614901992195,0.9368352279546184,0.95966943999198,0.0228342120373615,309,253.0,112,56.5,0.1132030449872284,0.1166101535514524,0.0,111.0,127.0,-16.0,99.68701210746434,102.93695482004824,-3.249942712583888,"[29, 41, 0]",309,0,4074,20.68020304568528,0.3784977908689249,24.158716719227495,2.598733141730185,0.16789396170839468,0.0,20.29945999018164
ulysses,complexo,en,sbert,4000,29,116221,250,0.5766736268997192,5.620540398745765,5.567584832054124,0.0529555666916419,3.105674868811072,0.9294186354563302,0.9525767980467814,0.0231581625904512,423,346.0,174,97.0,0.161326225377162,0.0946674143389545,0.0666588110382075,140.0,171.5,-31.5,113.83699187762484,129.2967021138274,-15.45971023620254,"[24, 58, 0]",423,0,4086,16.344,0.37298091042584436,23.841621326767747,2.6376584125496154,0.17009300048947626,0.0,19.383259911894275
ulysses,complexo,en,sbert,4000,30,120232,200,0.5766736268997192,5.317824960922322,5.327521585734019,0.0096966248116965,-0.5941882042644049,0.92648376732172,0.9611843373654352,0.0347005700437151,311,255.5,122,56.0,0.2307074683953744,0.1228745263436277,0.1078329420517466,59.0,129.5,-70.5,82.58721696005314,104.85324015623571,-22.266023196182587,"[17, 21, 0]",311,0,4068,20.34,0.3230088495575221,20.60178701760078,2.7280310997940442,0.10791543756145526,0.0,11.160275319567354
ulysses,complexo,en,sbert,4000,31,124251,142,0.5766736268997192,5.122021847681797,4.962884021221894,0.1591378264599026,12.649707377074591,0.927656995834519,0.9712063618542124,0.0435493660196933,250,165.0,108,23.0,0.1207806445761631,0.1276068428566648,0.0,37.0,82.0,-45.0,70.69862919718535,75.3162909020757,-4.617661704890352,"[11, 13, 0]",250,0,4057,28.570422535211268,0.28986936159723936,18.463108330894705,2.825285764217801,0.08972146906581217,0.0,7.345329060882426
ulysses,complexo,en,sbert,4000,32,128263,361,0.5766736268997192,6.032766930426187,5.973865014933898,0.0589019154922896,3.528754811982869,0.929661953085228,0.940697679236418,0.0110357261511898,658,572.5,303,213.0,0.1150111170301951,0.0804976340519645,0.0345134829782305,279.0,277.5,1.5,179.78705024885727,185.15217059488208,-5.36512034602481,"[31, 124, 0]",658,0,4077,11.293628808864266,0.3102771645818003,19.811628231823285,2.7825282926848254,0.08830022075055188,0.0,13.048810399803777
ulysses,complexo,en,sbert,4000,33,132266,640,0.5766736268997192,6.554884411648874,6.619801146966937,0.0649167353180635,-3.6835563848289055,0.9368561971451403,0.9292885676577816,0.0075676294873588,1093,1242.0,473,606.0,0.1383235738089765,0.0655063939764429,0.0728171798325336,635.0,567.5,67.5,302.2204127078693,329.2503806578684,-27.029967949999104,"[47, 294, 0]",1093,0,4107,6.4171875,0.3401509617725834,21.79887367724073,2.669288405357254,0.09569028487947406,0.0,19.625030435841246
ulysses,complexo,en,sbert,4000,34,136273,287,0.5766736268997192,5.730547859369739,5.715936426729457,0.0146114326402821,0.9293673811973212,0.9461370666105392,0.948946955177624,0.0028098885670848,427,414.0,147,128.5,0.1299894678777731,0.0978488445619498,0.0321406233158232,178.0,216.0,-38.0,139.2281761465632,148.10281921548017,-8.874643068916981,"[32, 73, 0]",427,0,4078,14.209059233449477,0.35311427170181464,22.549602019783254,2.6400482995362498,0.14394310936733692,0.0,11.230995586071604
ulysses,complexo,en,sbert,4000,35,140303,139,0.5766736268997192,5.0513443987758135,4.944396433848455,0.1069479649273583,9.894374992247736,0.9237909365289442,0.971726443713294,0.0479355071843499,237,162.0,98,23.5,0.123752119197335,0.0977779679988917,0.0259741511984432,47.0,80.0,-33.0,68.4803974812298,73.05237437407236,-4.571976892842557,"[11, 18, 0]",237,0,4117,29.618705035971225,0.3667719213019189,23.53349955204065,2.641948085904105,0.16492591692980327,0.0,8.74423123633714
ulysses,complexo,en,sbert,4000,36,144361,143,0.5766736268997192,5.065487735364384,4.9770541374866655,0.0884335978777182,6.383215914082718,0.9300040353909534,0.9718249512093072,0.0418209158183539,232,168.0,89,25.5,0.1153512966274418,0.1235431138561585,0.0,51.0,86.0,-35.0,71.84827671553586,75.42699422864236,-3.578717513106497,"[19, 16, 0]",232,0,4057,28.37062937062937,0.36751294059649986,23.408583776670074,2.6833492162927453,0.15454769534138527,0.0,7.887601676115356
ulysses,complexo,en,sbert,4000,37,148390,218,0.5766736268997192,5.4717034103832045,5.42078109031078,0.0509223200724244,3.577209470307884,0.937768790961299,0.9553392701617528,0.0175704792004539,342,292.0,125,74.0,0.108551693144361,0.0979073297192746,0.0106443634250864,150.0,151.0,-1.0,110.55258101465294,112.72101999421614,-2.1684389795631915,"[28, 61, 0]",342,0,4025,18.46330275229358,0.4168944099378882,26.448985233384217,2.5766706827927,0.19975155279503107,0.0,8.645962732919255
ulysses,complexo,en,sbert,4000,38,152394,293,0.5766736268997192,5.769830292805934,5.741748095192762,0.0280821976131715,1.9049133127773632,0.9333146308840248,0.9477593681230696,0.0144447372390448,484,428.0,194,136.0,0.1010712092355583,0.0977238939300927,0.0033473153054656,188.0,208.5,-20.5,145.45968495535806,151.19199203869573,-5.732307083337673,"[24, 82, 0]",484,0,4050,13.822525597269625,0.4525925925925926,28.802816220332033,2.4329997129408296,0.22518518518518518,0.0,12.246913580246913
ulysses,complexo,en,sbert,4000,39,156396,487,0.5766736268997192,6.357756461304555,6.30853377368282,0.0492226876217349,2.939814029755175,0.9229425252653436,0.9340472240290222,0.0111046987636787,981,855.5,500,374.5,0.0997645777624675,0.077224056164937,0.0225405215975304,304.0,440.0,-136.0,238.113469187978,251.506075898092,-13.392606710113997,"[32, 136, 0]",981,0,4074,8.365503080082135,0.4636720667648503,29.59521133762694,2.322994712117731,0.25184094256259204,0.0,22.33676975945017
ulysses,complexo,en,sbert,4000,40,160396,390,0.5766736268997192,6.109085769927448,6.058854789685439,0.0502309802420093,2.8218608475418745,0.9297206790839398,0.940004119489283,0.0102834404053431,714,628.5,325,243.0,0.1075770295091355,0.0882142094650493,0.0193628200440861,181.0,314.5,-133.5,194.5395942734681,200.2558525276605,-5.716258254192354,"[37, 72, 0]",714,0,4097,10.505128205128205,0.4225042714181108,27.0435739839384,2.492512894161062,0.17378569685135464,0.0,23.18769831584086
ulysses,complexo,en,sbert,4000,41,164404,318,0.5766736268997192,5.8740461616951976,5.8313082125462,0.0427379491489974,3.261718757211877,0.9317303297694424,0.9445748208789788,0.0128444911095365,547,482.0,233,165.0,0.1097857728012148,0.1003993525316646,0.0093864202695502,139.0,249.5,-110.5,153.03339812217686,164.01613422890995,-10.982736106733086,"[31, 54, 0]",547,0,4064,12.779874213836479,0.4431594488188976,28.25119762634559,2.451722206745552,0.19906496062992127,0.0,22.14566929133858
ulysses,complexo,en,sbert,4000,42,168406,279,0.5766736268997192,5.7293015988546685,5.692693887458757,0.0366077113959111,2.413453601928637,0.9361148987816182,0.9494395896635106,0.0133246908818923,455,400.5,177,122.5,0.1061147930583459,0.0840646663677851,0.0220501266905608,176.0,204.0,-28.0,142.09782360157462,145.1446093713251,-3.046785769750471,"[48, 64, 0]",455,0,4083,14.634408602150538,0.4824883663972569,30.830213781331395,2.2663114878007424,0.24957139358314964,0.0,25.765368601518492
ulysses,complexo,en,sbert,4000,43,172430,338,0.5766736268997192,5.933215504499154,5.901675650505347,0.0315398539938067,1.7043922082948688,0.9292145444202108,0.9426695750164238,0.0134550305962128,593,525.5,255,189.5,0.0989768891617764,0.0976054776843955,0.0013714114773809,202.0,265.5,-63.5,161.79030320954024,173.87656570146785,-12.086262491927585,"[30, 86, 0]",593,0,4071,12.044378698224852,0.4333087693441415,27.647001087334328,2.4443887651554017,0.2009334315892901,0.0,21.518054532056006
ulysses,complexo,en,sbert,4000,44,176433,385,0.5766736268997192,6.064375858875044,6.045298646880847,0.0190772119941966,1.0400575862562416,0.9351915163322154,0.9402137719963002,0.0050222556640847,655,618.5,270,234.0,0.1187175597793387,0.0863891873286558,0.0323283724506828,166.0,312.0,-146.0,180.84222550716925,198.6640517622006,-17.82182625503134,"[42, 62, 0]",655,0,4070,10.571428571428571,0.43685503685503685,27.869844913961316,2.4015212975673434,0.200982800982801,0.0,21.916461916461916
ulysses,complexo,en,sbert,4000,45,180442,401,0.5766736268997192,6.119880361991872,6.085048125478219,0.0348322365136528,1.8881379200029036,0.9295913645157096,0.9395503991723446,0.009959034656635,723,647.5,323,250.5,0.1088019841566078,0.0818492037680634,0.0269527803885444,158.0,318.5,-160.5,187.62280313711364,206.55263408029677,-18.929830943183106,"[36, 61, 0]",723,0,4098,10.219451371571072,0.42410932162030257,27.14962248312278,2.455820856409702,0.18496827720839434,0.0,23.596876525134213
ulysses,complexo,en,sbert,4000,46,184442,404,0.5766736268997192,6.127056592000812,6.095513905407251,0.0315426865935615,1.9176442994825975,0.9322570282392796,0.9402153412888744,0.0079583130495946,715,651.0,316,250.0,0.1192609844337767,0.0802220766520434,0.0390389077817333,85.0,330.5,-245.5,180.50619367348287,207.38865688184868,-26.88246320836581,"[23, 31, 0]",715,0,4092,10.128712871287128,0.4015151515151515,25.68441928367067,2.4620435112384467,0.17130987292277614,0.0,26.270772238514173
ulysses,complexo,en,sbert,4000,47,188448,381,0.5766736268997192,6.064728638475648,6.027653855050935,0.0370747834247131,2.4189691927084587,0.9341504307590826,0.940177120707164,0.0060266899480815,660,607.0,283,229.0,0.137396650253365,0.0805376557213358,0.0568589945320292,111.0,309.0,-198.0,169.23710127910255,196.25349456264448,-27.01639328354193,"[21, 45, 0]",660,0,4121,10.816272965879264,0.41858772142683814,26.87124521605383,2.389971850798836,0.1892744479495268,0.0,27.129337539432175
ulysses,complexo,en,sbert,4000,48,192465,341,0.5766736268997192,6.009667811608206,5.909042457552761,0.1006253540554444,6.189708150437649,0.926754951239672,0.9423790559976976,0.0156241047580256,655,533.0,314,193.0,0.1080252787610814,0.0845419902152514,0.02348328854583,153.0,268.0,-115.0,161.43865720614318,176.39400157839123,-14.955344372248078,"[17, 68, 0]",655,0,4131,12.114369501466276,0.38174776083272816,24.53601880569079,2.5337455529255717,0.15662067296054225,0.0,24.739772452190753
ulysses,complexo,en,sbert,4000,49,196490,156,0.5766736268997192,5.123658660512753,5.064569379921073,0.0590892805916798,5.33875794915854,0.9341564915972076,0.969548137589794,0.0353916459925864,241,185.0,85,29.5,0.1238448762178052,0.1112062637630956,0.0126386124547096,55.0,91.0,-36.0,75.40660371240558,82.13134515890695,-6.724741446501369,"[19, 18, 0]",241,0,4066,26.064102564102566,0.3605509099852435,22.990598818612074,2.6794524530857657,0.1409247417609444,0.0,9.640924741760944
ulysses,complexo,en,sbert,4000,50,200501,191,0.5766736268997192,5.31613795570606,5.279126962870278,0.037010992835782,2.689966487438682,0.937610159352605,0.9627719539958064,0.0251617946432013,290,240.0,103,49.5,0.1341654876566708,0.1132892192954529,0.0208762683612179,99.0,119.0,-20.0,95.3943530433802,99.84708844754124,-4.452735404161047,"[25, 37, 0]",290,0,4097,21.45026178010471,0.38076641444959725,24.3720250808457,2.646691436470006,0.14498413473273128,0.0,10.202587258969977
ulysses,complexo,en,sbert,4000,51,204534,152,0.5766736268997192,5.090514822807648,5.035538162777639,0.0549766600300083,4.610976787207874,0.9398856086079468,0.9688975924610526,0.0290119838531056,225,181.0,73,30.0,0.1167978323686887,0.1325547914043821,0.0,79.0,91.0,-12.0,78.4961696913137,79.72829308527598,-1.2321233939622829,"[37, 21, 0]",225,0,4076,26.81578947368421,0.3729146221786065,23.808196607712265,2.6576150601759942,0.1469578017664377,0.0,8.464180569185476
ulysses,complexo,en,sbert,4000,52,208550,194,0.5766736268997192,5.340440066144936,5.292711389522195,0.0477286766227411,3.727530368273171,0.9430473839394924,0.9643005843532528,0.0212532004137604,288,241.0,95,47.0,0.1154473618204774,0.106138554802827,0.0093088070176504,109.0,120.0,-11.0,98.11101535121446,101.13427612254075,-3.0232607713263064,"[35, 37, 0]",288,0,4060,20.927835051546392,0.3770935960591133,24.027698507483034,2.655117832913567,0.1354679802955665,0.0,10.665024630541872
ulysses,complexo,en,sbert,4000,53,212571,125,0.5766736268997192,4.914544529011977,4.836116670083618,0.0784278589283591,6.679612993870792,0.9385274512535592,0.9751170147216232,0.036589563468064,188,142.0,63,17.5,0.0966583354517066,0.1150703601351655,0.0,54.0,71.0,-17.0,65.21047620874323,66.23338995644238,-1.0229137476991497,"[24, 15, 0]",188,0,4094,32.752,0.37664875427454814,24.099634418209607,2.668715020373699,0.14435759648265756,0.0,6.25305324865657
ulysses,complexo,en,sbert,4000,54,216612,137,0.5766736268997192,4.960417890265411,4.93053826122337,0.0298796290420408,2.1449589943368825,0.9521894760311128,0.9732946502252192,0.0211051741941061,183,158.5,46,21.5,0.1529989885015322,0.1063134082241351,0.046685580277397,69.0,76.0,-7.0,67.89666288091695,72.74292692603166,-4.846264045114708,"[25, 22, 0]",183,0,4030,29.416058394160583,0.4230769230769231,26.857888112175797,2.4975921863383377,0.20198511166253103,0.0,9.00744416873449
ulysses,complexo,en,sbert,4000,55,220647,217,0.5766736268997192,5.443190524667831,5.416908281506695,0.0262822431611358,1.5087271856345,0.94414745801549,0.9564804716920312,0.0123330136765411,319,289.0,106,73.0,0.1445894215544924,0.1081756787260782,0.0364137428284141,121.0,146.5,-25.5,101.25599102175872,112.40772170852912,-11.151730686770406,"[17, 52, 0]",319,0,3988,18.377880184331797,0.4425777331995988,27.949055424062042,2.3819502068142815,0.22993981945837513,0.0,14.067201604814443
ulysses,complexo,en,sbert,4000,56,224673,210,0.5766736268997192,5.42830522242352,5.379574906707077,0.0487303157164431,3.682537522427492,0.9431112480349712,0.9581361491602184,0.0150249011252471,316,275.0,106,65.5,0.1044789910888948,0.1058895939267202,0.0,132.0,138.0,-6.0,102.514915153857,109.1452359124636,-6.630320758606601,"[36, 48, 0]",316,0,4009,19.090476190476192,0.4390122224993764,27.796789591585977,2.3603989631034796,0.2546769768021951,0.024943876278373658,11.973060613619356
ulysses,complexo,en,sbert,4000,57,228692,170,0.5766736268997192,5.233132575481104,5.1599332705308,0.0731993049503039,5.239359931227577,0.939800432955688,0.9631879493720314,0.0233875164163435,262,212.5,92,43.0,0.1144284683604258,0.1112122642043275,0.0032162041560983,104.0,107.5,-3.5,82.19403712548831,89.50454315163299,-7.310506026144679,"[16, 44, 0]",262,0,3999,23.523529411764706,0.43960990247561893,27.799895837073525,2.335777523647303,0.2555638909727432,0.05001250312578145,12.903225806451612
ulysses,complexo,en,sbert,4000,58,232731,162,0.5766736268997192,5.082297212020405,5.105501957410167,0.0232047453897612,-1.9369676157003868,0.9513252021157664,0.9673646182657396,0.0160394161499732,209,195.0,50,33.5,0.2019371569233848,0.1142206011296273,0.0877165557937574,84.0,97.0,-13.0,75.70059022899508,84.82685933257716,-9.126269103582077,"[22, 31, 0]",209,0,3881,23.95679012345679,0.5065704715279568,31.55816133782136,2.1303301047987,0.3081679979386756,0.0515331100231899,13.578974491110538
ulysses,complexo,en,sbert,4000,59,236731,185,0.5766736268997192,5.321643601876515,5.24681712572419,0.0748264761523245,4.375690840501112,0.9363189784821756,0.9625722306772088,0.0262532521950331,294,233.0,110,48.5,0.1521470601581338,0.1063586697981349,0.0457883903599988,92.0,117.0,-25.0,89.7853299703337,97.39429907361202,-7.608969103278312,"[20, 36, 0]",294,0,4005,21.64864864864865,0.45143570536828964,28.569139911902628,2.258688093787296,0.2784019975031211,0.0,12.184769038701623
ulysses,complexo,en,sbert,4000,60,240770,73,0.5766736268997192,4.433704468080855,4.287483371379182,0.146221096701673,20.44670409631254,0.9182718251772254,0.9915875297108988,0.0733157045336733,125,75.0,52,2.5,0.137999578859947,0.1317140907856431,0.0062854880743038,33.0,44.0,-11.0,37.37884222851304,39.69986621702375,-2.32102398851071,"[9, 12, 0]",125,0,3989,54.64383561643836,0.25344697919278014,16.007338815802605,2.91388685859054,0.059914765605414894,0.0,6.643268989721735
ulysses,complexo,en,sbert,4000,61,244770,67,0.5766736268997192,4.306197973396128,4.201685561254697,0.1045124121414309,14.525370445078636,0.9233953497608705,0.9931431195518896,0.0697477697910191,106,68.5,39,2.0,0.1309898009757913,0.1185555862534818,0.0124342147223095,12.0,40.0,-28.0,33.43343878734243,36.56442341440595,-3.130984627063519,"[4, 4, 0]",106,0,4001,59.71641791044776,0.28142964258935266,17.801398191030138,2.8691138293140224,0.07273181704573857,0.0,7.348162959260185
ulysses,complexo,en,sbert,4000,62,248790,68,0.5766736268997192,4.389815028962093,4.215671105479336,0.1741439234827568,18.06981815290121,0.9018559752671548,0.9941442603980776,0.092288285130923,130,69.0,62,1.0,0.124981502674476,0.121107584719504,0.003873917954972,62.0,41.0,21.0,36.02905042495598,37.01130408621204,-0.9822536612560596,"[2, 30, 0]",130,0,4008,58.94117647058823,0.3008982035928144,19.049494311737888,2.8196802509487755,0.08557884231536926,0.0,7.659680638722555
ulysses,complexo,en,sbert,4000,63,252811,67,0.5766736268997192,4.383645620369428,4.201685561254697,0.181960059114731,25.289218865919946,0.8977725678553546,0.9931431195518896,0.0953705516965348,132,68.5,65,2.0,0.1057916770403803,0.1185555862534818,0.0,34.0,40.0,-6.0,35.82658851127439,36.56442341440595,-0.7378349031315636,"[2, 16, 0]",132,0,4003,59.74626865671642,0.29702722957781663,18.79269475003582,2.8113962393584164,0.0824381713714714,0.0,7.344491631276543
ulysses,complexo,en,sbert,4000,64,256831,67,0.5766736268997192,4.358951399223843,4.201685561254697,0.1572658379691454,21.85716038939252,0.9089119630601918,0.9931431195518896,0.0842311564916976,121,68.5,54,2.0,0.1329198877768985,0.1185555862534818,0.0143643015234167,16.0,40.0,-24.0,33.72211537494741,36.56442341440595,-2.842308039458544,"[2, 7, 0]",121,0,3989,59.53731343283582,0.2807721233391828,17.733154771215546,2.8186641667420202,0.07269992479318124,0.0,7.5708197543243925
ulysses,complexo,en,sbert,4000,65,260851,67,0.5766736268997192,4.326516010925229,4.201685561254697,0.1248304496705321,17.34921706559129,0.9101575518688672,0.9931431195518896,0.0829855676830222,116,68.5,49,2.0,0.1166386544047841,0.1185555862534818,0.0,21.0,40.0,-19.0,33.99724946644283,36.56442341440595,-2.56717394796312,"[3, 9, 0]",116,0,3992,59.582089552238806,0.27304609218436876,17.251673555947026,2.829002859839925,0.07289579158316634,0.0,7.339679358717435
ulysses,complexo,en,sbert,4000,66,264871,5,0.5766736268997192,1.6068531402970951,1.6094379124341005,0.0025847721370053,-0.5503043007834885,0.9983939907734024,1.0000000000000002,0.0016060092265978,5,5.0,0,0.0,0.1006843203941572,1.4416840672491387e-308,0.1006843203941572,3.0,5.0,-2.0,2.762818094099428,2.883368134498596,-0.1205500403991681,"[3, 0, 0]",5,0,189,37.8,0.5396825396825397,7.419408268023741,2.9683470192576284,0.08465608465608465,0.0,11.11111111111111
o_guarany_v1,complexo,pt,sbert,4000,0,0,173,0.4526925086975097,5.121499334631299,5.145563064452435,0.0240637298211359,-1.086577294668478,0.9780494792046674,0.9672490662368232,0.0108004129678442,188,206.0,17,38.0,0.0832023205064858,0.1028962623415524,0.0,68.0,90.5,-22.5,63.75229602744592,67.00529148039797,-3.2529954529520566,"[52, 8, 0]",188,0,4081,23.589595375722542,0.3861798578779711,24.670213943451778,2.4463188312237962,0.18647390345503553,0.0,8.796863513844645
o_guarany_v1,complexo,pt,sbert,4000,1,4040,134,0.4526925086975097,4.959156378013113,4.882510267529175,0.0766461104839386,4.308232559836927,0.9489852240559032,0.9738001770639106,0.0248149530080075,186,151.0,52,20.5,0.0992848706558593,0.1085896444133772,0.0,72.0,69.5,2.5,50.59132604665052,52.46350891480154,-1.8721828681510144,"[16, 28, 0]",186,0,4105,30.634328358208954,0.359074299634592,23.00598873470533,2.5365705628628374,0.15371498172959805,0.0,5.749086479902558
o_guarany_v1,complexo,pt,sbert,4000,2,8056,169,0.4526925086975097,5.108188401807406,5.119864027243454,0.0116756254360481,-0.5125804806190087,0.9544700689757644,0.9697152168251308,0.0152451478493665,211,197.5,53,33.5,0.1302607539919013,0.1031932968807488,0.0270674571111524,76.0,89.0,-13.0,59.499297560704086,65.23204352175429,-5.732745961050206,"[26, 25, 0]",211,0,4086,24.17751479289941,0.3499755261869799,22.371075129447426,2.564187684442309,0.13387175721977485,0.0,9.520313264806656
o_guarany_v1,complexo,pt,sbert,4000,3,12057,153,0.4526925086975097,5.078239499285013,5.026377548786968,0.0518619504980453,2.5813722575418048,0.9630646547348124,0.9691838195441448,0.0061191648093325,195,178.0,42,29.5,0.1367077411712943,0.1112061339909531,0.0255016071803411,84.0,80.0,4.0,60.809181820316994,59.56301466509315,1.2461671552238442,"[36, 24, 0]",195,0,4089,26.725490196078432,0.3546099290780142,22.675634437940662,2.5535090068339144,0.1389092687698704,0.0,7.923697725605282
o_guarany_v1,complexo,pt,sbert,4000,4,16065,159,0.4526925086975097,5.143678719766636,5.0727720378858026,0.0709066818808334,3.31999511258274,0.945109139605803,0.9681457161690064,0.0230365765632033,231,188.0,74,32.5,0.1070027731522905,0.1067387342124768,0.0002640389398136,82.0,83.0,-1.0,61.37138700218937,62.26708476461717,-0.895697762427794,"[22, 30, 0]",231,0,4118,25.89937106918239,0.3426420592520641,21.987904529642258,2.5947937907878846,0.1391452161243322,0.0,7.576493443419135
o_guarany_v1,complexo,pt,sbert,4000,5,20072,189,0.4526925086975097,5.215511024020243,5.234118176411084,0.0186071523908406,-0.7229699668801473,0.9545518987650822,0.9643289676810628,0.0097770689159807,236,227.0,60,45.0,0.1238259741021898,0.1051782079319456,0.0186477661702442,72.0,101.0,-29.0,64.13238262480776,72.67262187243418,-8.540239247626417,"[22, 25, 0]",236,0,4160,22.01058201058201,0.3473557692307692,22.403773935175778,2.5845765247432695,0.13389423076923077,0.0,9.278846153846153
o_guarany_v1,complexo,pt,sbert,4000,6,24111,169,0.4526925086975097,5.15155723206656,5.119864027243454,0.0316932048231057,1.3913874035755964,0.9634287701289842,0.9697152168251308,0.0062864466961466,210,197.5,42,33.5,0.1029838167614356,0.1031932968807488,0.0,60.0,89.0,-29.0,63.18445093068441,65.23204352175429,-2.047592591069879,"[34, 13, 0]",210,0,4106,24.29585798816568,0.3614223088163663,23.159246669170557,2.5027878902132144,0.1570871894788115,0.0,11.032635168046761
o_guarany_v1,complexo,pt,sbert,4000,7,28132,193,0.4526925086975097,5.254138168896452,5.26732577354441,0.0131876046479586,-0.6766430969777972,0.961621506003116,0.9631824676141304,0.0015609616110142,236,239.0,51,51.0,0.1074529055124775,0.1008200641928496,0.0066328413196278,92.0,105.0,-13.0,71.46388290412884,74.08781856491876,-2.6239356607899254,"[44, 24, 0]",236,0,4072,21.098445595854923,0.3506876227897839,22.37815732681785,2.5447548212583158,0.13973477406679763,1.350687622789784,8.963654223968566
o_guarany_v1,complexo,pt,sbert,4000,8,32136,178,0.4526925086975097,5.174131147043726,5.178850794668049,0.0047196476243236,-0.251614154998124,0.966791536322562,0.9688396294769976,0.0020480931544355,211,209.5,37,36.5,0.1152632973203518,0.1144603723023205,0.0008029250180312,67.0,91.0,-24.0,66.30160483545872,69.22506891862054,-2.923464083161818,"[37, 15, 0]",211,0,4104,23.0561797752809,0.33771929824561403,21.635132247537133,2.597144285412881,0.12110136452241715,0.09746588693957114,10.282651072124755
o_guarany_v1,complexo,pt,sbert,4000,9,36146,138,0.4526925086975097,4.995894080648855,4.90804361261723,0.0878504680316254,4.357326427260505,0.951186976285596,0.97549480289307,0.0243078266074742,191,153.5,53,19.0,0.1165423502997835,0.1123268526436066,0.0042154976561768,53.0,71.5,-18.5,53.509389452883866,53.94537923151918,-0.4359897786353173,"[23, 15, 0]",191,0,4100,29.71014492753623,0.3358536585365854,21.505127012061056,2.621602251484382,0.1278048780487805,0.0,7.170731707317073
o_guarany_v1,complexo,pt,sbert,4000,10,40149,183,0.4526925086975097,5.313910535137813,5.207169258567015,0.1067412765707978,5.843933607641869,0.9383626380190184,0.9652296747769696,0.0268670367579514,288,220.0,105,43.0,0.1028665614852968,0.1055630690415015,0.0,64.0,95.0,-31.0,64.50586623806983,70.51045102217674,-6.00458478410691,"[16, 24, 0]",288,0,4118,22.502732240437158,0.33729966002914036,21.645073984176538,2.5869334826186825,0.13040310830500243,0.0,9.61631860126275
o_guarany_v1,complexo,pt,sbert,4000,11,44155,199,0.4526925086975097,5.2983673815675125,5.297181451365399,0.0011859302021139,0.0670911999138197,0.9445394459627212,0.963110756013478,0.0185713100507569,273,244.0,88,51.5,0.1215851749884676,0.102953607210279,0.0186315677781886,92.0,107.0,-15.0,70.72340731745277,76.42969964166295,-5.706292324210182,"[28, 32, 0]",273,0,4124,20.723618090452263,0.32080504364694473,20.60157937501171,2.6244331653480373,0.10426770126091174,0.0,10.135790494665374
o_guarany_v1,complexo,pt,sbert,4000,12,48157,174,0.4526925086975097,5.272728035331364,5.160523669426805,0.1122043659045584,6.118419369596595,0.9381409193592416,0.9661886572161154,0.0280477378568738,276,207.0,103,38.5,0.0983865354406734,0.1089742795252249,0.0,45.0,96.5,-51.5,61.74614946988756,67.82439340393526,-6.078243934047698,"[17, 14, 0]",276,0,4150,23.850574712643677,0.3296385542168675,21.23547838332527,2.6055760222692546,0.12289156626506025,0.0,9.927710843373495
o_guarany_v1,complexo,pt,sbert,4000,13,52159,270,0.4526925086975097,5.499531732187228,5.628160270054839,0.1286285378676117,-7.68669109085845,0.9647550513189354,0.9551228892481074,0.0096321620708279,299,361.0,61,100.5,0.1394083525255572,0.0950790514854081,0.044329301040149,110.0,151.5,-41.5,89.87514626195548,102.7063392196154,-12.831192957659908,"[52, 29, 0]",299,0,4075,15.092592592592593,0.3560736196319018,22.73021825865052,2.5107804043136834,0.14503067484662577,0.147239263803681,13.791411042944786
o_guarany_v1,complexo,pt,sbert,4000,14,56177,67,0.4526925086975097,4.008052713947437,4.195681305722113,0.1876285917746756,-9.922150612653336,0.9870973939388128,0.992026373427534,0.0049289794887211,58,68.0,2,2.0,0.1928312101742673,0.1163491701032957,0.0764820400709715,30.0,39.0,-9.0,22.53455887454776,27.96722919634189,-5.432670321794134,"[30, 0, 0]",58,0,810,12.08955223880597,0.5160493827160494,14.687022910559806,2.386818282134489,0.21604938271604937,0.9876543209876543,14.691358024691358
memorias_braz_cubas,intermediario,pt,sbert,4000,0,0,183,0.4667161703109741,5.2666409514679335,5.238916135198462,0.0277248162694716,1.7679384744999591,0.9504404380963908,0.9638088327614968,0.013368394665106,255,228.5,72,46.5,0.0981028888376445,0.094661678529705,0.0034412103079394,137.0,111.5,25.5,77.19131848545727,77.00919662392167,0.1821218615356059,"[41, 48, 0]",255,0,4125,22.540983606557376,0.37963636363636366,24.3825869311389,2.5228008245299165,0.16945454545454544,0.12121212121212122,8.993939393939394
memorias_braz_cubas,intermediario,pt,sbert,4000,1,4019,162,0.4667161703109741,5.134027750504853,5.1131920677124985,0.0208356827923541,1.3483845482797718,0.9636161929925694,0.9650772458066806,0.0014610528141112,206,198.5,44,37.0,0.1097793585577673,0.0957674910046844,0.0140118675530828,103.0,99.5,3.5,67.61131423750926,68.69596903433481,-1.0846547968255464,"[45, 29, 0]",206,0,4157,25.660493827160494,0.37118114024536925,23.93183025592913,2.560927583694763,0.17055568919894154,0.2165022853019004,6.591291796968968
memorias_braz_cubas,intermediario,pt,sbert,4000,2,8055,189,0.4667161703109741,5.31155795565518,5.2808750456194,0.0306829100357797,2.160909526605293,0.9444419313794092,0.9605207962510862,0.0160788648716768,277,243.5,88,56.0,0.0885904653511622,0.0867897545555895,0.0018007107955726,83.0,122.0,-39.0,77.69258130578811,79.62176700179384,-1.929185696005732,"[47, 18, 0]",277,0,4154,21.978835978835978,0.3755416466056813,24.204234520117815,2.5463760464469036,0.1668271545498315,0.09629272989889263,7.510832932113625
memorias_braz_cubas,intermediario,pt,sbert,4000,3,12058,185,0.4667161703109741,5.304911386784982,5.257395609402588,0.0475157773823946,3.0142249145875786,0.9450900257821804,0.9643045784211896,0.0192145526390092,274,233.5,89,48.5,0.0945005641859805,0.0978286671065537,0.0,79.0,118.0,-39.0,73.99141949558324,78.76220905952745,-4.770789563944206,"[29, 25, 0]",274,0,4211,22.762162162162163,0.3609593920683923,23.423455678954724,2.588074060995745,0.14367133697459036,0.11873664212776062,7.219187841367846
memorias_braz_cubas,intermediario,pt,sbert,4000,4,16091,218,0.4667161703109741,5.48379228770914,5.431926544142296,0.0518657435668448,3.914471873494472,0.935221217618584,0.9576552724859346,0.0224340548673507,352,290.0,139,73.0,0.1316723262579013,0.1044368187561709,0.0272355075017304,194.0,141.0,53.0,89.64967079538349,91.97481507163778,-2.325144276254292,"[34, 80, 0]",352,0,4166,19.110091743119266,0.3461353816610658,22.341155304846183,2.6126398689376535,0.12626020163226115,0.07201152184349496,8.665386461833894
memorias_braz_cubas,intermediario,pt,sbert,4000,5,20105,209,0.4667161703109741,5.403462487467504,5.388775487594983,0.0146869998725209,1.1579907323477598,0.9451524060550572,0.95800640745838,0.0128540014033228,304,276.0,97,67.5,0.1140590390596546,0.0834003266069087,0.0306587124527459,90.0,130.5,-40.5,82.03064095072013,88.27114708458745,-6.240506133867328,"[36, 27, 0]",304,0,4156,19.885167464114833,0.3534648700673725,22.786835983281446,2.606477595752385,0.136669874879692,0.02406159769008662,9.04716073147257
memorias_braz_cubas,intermediario,pt,sbert,4000,6,24122,190,0.4667161703109741,5.295412925795447,5.285226728205084,0.0101861975903636,0.6555699948835674,0.9421770888436024,0.962135698812179,0.0199586099685764,276,243.0,86,53.0,0.1446760153594093,0.097425567996126,0.0472504473632832,88.0,116.0,-28.0,73.81648296824112,80.0420903925348,-6.225607424293685,"[26, 31, 0]",276,0,3995,21.026315789473685,0.3444305381727159,21.77008085712263,2.607202752687696,0.134918648310388,0.0,8.685857321652065
memorias_braz_cubas,intermediario,pt,sbert,4000,7,28128,250,0.4667161703109741,5.645159489527208,5.580791861079745,0.0643676284474628,5.342649550114035,0.938333115255628,0.9522112570933852,0.013878141837757,410,350.0,160,101.5,0.0721427154298421,0.0886999089917396,0.0,127.0,160.0,-33.0,99.70489936038727,104.65051697383126,-4.945617613443972,"[29, 49, 0]",410,0,4195,16.78,0.34421930870083434,22.29467832833667,2.6455371323948462,0.11585220500595947,0.04767580452920143,10.441001191895113
memorias_braz_cubas,intermediario,pt,sbert,4000,8,32140,239,0.4667161703109741,5.527452024992073,5.531285778449817,0.0038337534577443,-0.2686383925546547,0.949720492154126,0.9565208834476626,0.0068003912935366,337,326.0,105,88.5,0.1401749931412184,0.1000614797495095,0.0401135133917089,137.0,156.0,-19.0,93.61982655441814,100.48970723610115,-6.8698806816830285,"[47, 45, 0]",337,0,4143,17.334728033472803,0.36615978759353124,23.56829221177018,2.579163020686769,0.14385710837557325,0.16895969104513636,9.67897658701424
memorias_braz_cubas,intermediario,pt,sbert,4000,9,36143,215,0.4667161703109741,5.413606221615425,5.419871048018273,0.0062648264028473,-0.3742963993949398,0.9625870146491496,0.9584269818973772,0.0041600327517723,277,285.5,62,71.5,0.0820736029319978,0.094109843672079,0.0,107.0,132.0,-25.0,85.54576108938798,90.30189476143076,-4.756133672042779,"[57, 25, 0]",277,0,4185,19.46511627906977,0.34719235364396656,22.46042051798415,2.6288430199984156,0.12735961768219833,0.07168458781362007,9.58183990442055
memorias_braz_cubas,intermediario,pt,sbert,4000,10,40173,233,0.4667161703109741,5.508329889101995,5.500538567106876,0.0077913219951195,0.523798137472268,0.9544115189924476,0.955907485515476,0.0014959665230284,321,315.5,88,84.0,0.0711999163981425,0.0931381105561106,0.0,158.0,139.0,19.0,97.19416987968344,97.35891298090124,-0.1647431012178088,"[66, 46, 0]",321,0,4188,17.974248927038627,0.36914995224450814,23.889450101875713,2.5811949033680723,0.14398280802292263,0.11938872970391595,9.861509073543457
memorias_braz_cubas,intermediario,pt,sbert,4000,11,44186,241,0.4667161703109741,5.51859621501562,5.538691360916184,0.020095145900564,-1.2518961007416562,0.9439244003647558,0.9559911746354024,0.0120667742706465,346,328.0,115,87.5,0.1424911888215848,0.0961836901965926,0.0463074986249922,152.0,157.0,-5.0,91.0124312169109,100.90052257034029,-9.888091353429374,"[52, 50, 0]",346,0,4140,17.178423236514522,0.35434782608695653,22.79974256147567,2.6092364732553683,0.13429951690821257,0.04830917874396135,10.289855072463768
memorias_braz_cubas,intermediario,pt,sbert,4000,12,48194,204,0.4667161703109741,5.32852009090738,5.356921359251019,0.0284012683436385,-2.1286762339971563,0.97004560132262,0.9603578733048762,0.0096877280177436,243,264.0,41,60.0,0.0904006079671742,0.0930040827177887,0.0,101.0,130.0,-29.0,85.31704287280677,86.18402490652188,-0.866982033715118,"[63, 19, 0]",243,0,4113,20.16176470588235,0.36980306345733044,23.71645967505689,2.542744221538162,0.16192560175054704,0.024313153415998056,9.190371991247265
memorias_braz_cubas,intermediario,pt,sbert,4000,13,52204,184,0.4667161703109741,5.246420076793007,5.250255173983774,0.003835097190767,-0.2584861941657782,0.9639870285314804,0.9625716974944633,0.0014153310370174,231,234.0,48,50.5,0.0801596921925451,0.0887335070698714,0.0,107.0,119.0,-12.0,75.80738113604058,77.67648834837999,-1.869107212339415,"[41, 33, 0]",231,0,4087,22.21195652173913,0.3665280156594079,23.43200732881827,2.5797368175031172,0.15194519207242477,0.19574259848299486,8.14778566185466
memorias_braz_cubas,intermediario,pt,sbert,4000,14,56211,194,0.4667161703109741,5.285610806336571,5.309648948599135,0.0240381422625644,-1.9777261933589212,0.967381682846622,0.9590105595387264,0.0083711233078955,236,254.0,43,61.0,0.082660786153966,0.0981952136487078,0.0,105.0,120.0,-15.0,78.57658124937404,82.00276298195124,-3.4261817325771915,"[49, 28, 0]",236,0,4115,21.211340206185568,0.35042527339003643,22.479173566402135,2.5814597708816645,0.14264884568651276,0.19441069258809235,9.380315917375455
memorias_braz_cubas,intermediario,pt,sbert,4000,15,60220,55,0.4667161703109741,3.995200804074962,4.004154479348417,0.0089536752734549,-1.0584414760210057,0.9839322442644804,0.9957522612913066,0.0118200170268261,58,56.0,3,1.0,0.1449781084752132,0.0873458928284214,0.0576322156467918,26.0,35.5,-9.5,22.39161517268402,24.474206985460796,-2.082591812776773,"[26, 0, 0]",58,0,1348,24.509090909090908,0.5608308605341247,20.590972064567477,2.3908566240506435,0.22403560830860533,0.0,31.305637982195847
metamorphosis,simples,en,sbert,4000,0,0,188,0.4750334024429321,5.288777615747206,5.284906055266471,0.0038715604807348,0.2654028538438177,0.9592538253851493,0.956101239003899,0.0031525863812501,248,251.5,60,64.5,0.1089691535238647,0.1009022411080564,0.0080669124158083,101.0,101.0,0.0,78.48402618727064,78.92615679363422,-0.4421306063635768,"[63, 19, 0]",248,0,4129,21.96276595744681,0.23395495277306855,15.033312488563,2.8934285860314124,0.04892225720513441,1.5500121094696053,6.418018890772585
metamorphosis,simples,en,sbert,4000,1,4003,147,0.4750334024429321,5.0819999827837385,5.02715422258036,0.0548457602033787,3.649386183031144,0.9446276850318198,0.963255793468879,0.0186281084370592,217,184.5,70,38.0,0.0743521637635794,0.0509617672576937,0.0233903965058857,63.0,80.0,-17.0,58.44695667440452,62.390342474906646,-3.943385800502128,"[23, 20, 0]",217,0,4069,27.68027210884354,0.23445564020643894,14.955623716747581,2.8983636968099473,0.047431801425411646,0.8847382649299582,4.890636520029491
metamorphosis,simples,en,sbert,4000,2,8003,124,0.4750334024429321,4.875354661777767,4.846263062570177,0.0290915992075895,2.519164031515027,0.949288552020729,0.9676091660050126,0.0183206139842835,170,149.5,46,25.5,0.0773080862343511,0.0836453722242189,0.0,40.0,66.0,-26.0,48.99580553101632,52.75693746216771,-3.7611319311513896,"[20, 10, 0]",170,0,4081,32.91129032258065,0.2281303602058319,14.573584505935028,2.895989381152128,0.047537368292085276,0.4165645675079637,4.190149473168341
metamorphosis,simples,en,sbert,4000,3,12014,132,0.4750334024429321,4.94017787423653,4.912559439501622,0.0276184347349079,2.1380114331262225,0.947313275533344,0.9648420178339404,0.0175287423005963,184,162.0,52,30.0,0.0553700835461767,0.0842496124136943,0.0,84.0,71.5,12.5,54.29372617227716,56.13371735444808,-1.83999118217092,"[34, 25, 0]",184,0,4115,31.174242424242426,0.24447144592952613,15.682419284189008,2.8575184372474745,0.05905224787363305,0.48602673147023084,4.520048602673147
metamorphosis,simples,en,sbert,4000,4,16064,160,0.4750334024429321,5.162235580256569,5.107385881605348,0.0548496986512212,4.554577862504501,0.9470187422508062,0.9619685722605889,0.0149498300097826,233,202.5,73,43.0,0.0712788258736236,0.097326884674782,0.0,87.0,88.0,-1.0,67.13608574842995,67.55174297846175,-0.4156572300317975,"[35, 26, 0]",233,0,4097,25.60625,0.22845984866975835,14.62321504850742,2.887321608723567,0.04661947766658531,1.1959970710275811,5.49182328533073
metamorphosis,simples,en,sbert,4000,5,20075,103,0.4750334024429321,4.586060444343381,4.65941290917018,0.0733524648267982,-7.015272835323355,0.9794813989355344,0.9680138793204331,0.0114675196151011,108,123.0,9,20.0,0.1471469564132331,0.0553873885428261,0.0917595678704069,59.0,56.0,3.0,42.78507358960805,44.20313644497057,-1.418062855362514,"[49, 5, 0]",108,0,1885,18.300970873786408,0.316710875331565,13.750505175190629,2.8755363401547323,0.04880636604774536,1.909814323607427,7.745358090185676
quincas_borba,complexo,pt,sbert,4000,0,0,235,0.4730787277221679,5.525573038341742,5.49671499040366,0.0288580479380815,2.153329107914533,0.9528340669107264,0.9606281681393762,0.0077941012286499,330,306.0,95,74.0,0.0746552311594764,0.0939945107726721,0.0,126.0,146.5,-20.5,95.498159087852,99.4970326085413,-3.998873520689301,"[44, 41, 0]",330,0,4097,17.43404255319149,0.34635098852819135,22.169168967769263,2.600543786989519,0.11642665364901147,0.12204051745179399,12.789846228948011
quincas_borba,complexo,pt,sbert,4000,1,4009,257,0.4730787277221679,5.6111626255707865,5.5885762050531,0.0225864205176868,1.502148305336246,0.9551027718682582,0.9605944100949548,0.0054916382266967,356,336.0,99,81.0,0.0887075197629581,0.0967075857457471,0.0,144.0,156.5,-12.5,104.56377233191353,108.10581184217943,-3.542039510265937,"[48, 48, 0]",356,0,4106,15.976653696498055,0.34388699464198735,22.03561745072023,2.6074984111541624,0.11568436434486118,0.12177301509985387,12.201656113005358
quincas_borba,complexo,pt,sbert,4000,2,8016,225,0.4730787277221679,5.446434220400825,5.452608304561124,0.0061740841602997,-0.3681932651140228,0.960590582833222,0.9631222516545996,0.0025316688213775,290,287.0,67,62.5,0.1091884479524026,0.1077712820442514,0.0014171659081512,116.0,139.5,-23.5,92.56428981872246,95.36644779483078,-2.802157976108319,"[58, 29, 0]",290,0,4154,18.462222222222223,0.34015406836783824,21.923450882645174,2.615604468074221,0.12253249879634087,0.09629272989889263,10.13480982185845
quincas_borba,complexo,pt,sbert,4000,3,12019,251,0.4730787277221679,5.602288452020729,5.571083311200209,0.0312051408205196,1.841799012098212,0.9448021298855032,0.9601911189505384,0.0153889890650351,376,331.0,127,81.5,0.1207541598934864,0.1035896040720358,0.0171645558214506,154.0,163.0,-9.0,99.02383582739012,106.1057550579123,-7.081919230522189,"[38, 58, 0]",376,0,4121,16.41832669322709,0.32540645474399416,20.889472367958366,2.6481673673119523,0.10968211599126426,0.0,9.94904149478282
quincas_borba,complexo,pt,sbert,4000,4,16021,239,0.4730787277221679,5.562819084483076,5.512320810813868,0.0504982736692074,4.042337900767937,0.9464221072555232,0.9611994602912944,0.0147773530357713,357,310.0,118,72.0,0.0767621782349863,0.0917201291543574,0.0,125.0,151.0,-26.0,96.85528535970238,101.13705781405,-4.281772454347617,"[39, 43, 0]",357,0,4153,17.376569037656903,0.32482542740187814,20.932976414383443,2.6885174206043416,0.10474355887310378,0.04815795810257645,10.137250180592343
quincas_borba,complexo,pt,sbert,4000,5,20046,249,0.4730787277221679,5.547523256884146,5.557398102029837,0.0098748451456911,-0.6637920958164888,0.9648885144016264,0.9583452181949572,0.0065432962066692,314,330.0,65,83.0,0.0881887448171824,0.1029728560467586,0.0,142.0,156.0,-14.0,104.3718916304268,104.76471019815384,-0.3928185677270477,"[68, 37, 0]",314,0,4144,16.6425702811245,0.35207528957528955,22.66446221489377,2.6057540180465555,0.12403474903474904,0.12065637065637065,10.497104247104247
quincas_borba,complexo,pt,sbert,4000,6,24051,256,0.4730787277221679,5.620058488324054,5.590670253254492,0.029388235069562,2.137875393741131,0.9530120146884126,0.9594227753305182,0.0064107606421056,364,341.0,109,87.0,0.0799544923861292,0.0906094278564659,0.0,175.0,162.5,12.5,107.1045126373289,108.31056828636784,-1.2060556490389445,"[55, 60, 0]",364,0,4136,16.15625,0.34260154738878146,22.033301900757028,2.6155743740170325,0.11170212765957446,0.0725338491295938,11.87137330754352
quincas_borba,complexo,pt,sbert,4000,7,28065,241,0.4730787277221679,5.571857748992318,5.524141698331617,0.0477160506607008,3.3084948095355022,0.9426576626705744,0.96089894619007,0.0182412835194958,369,314.0,130,74.0,0.1047516324975334,0.0948958837116371,0.0098557487858963,135.0,155.0,-20.0,96.37722196934575,101.73080305048364,-5.353581081137889,"[35, 50, 0]",369,0,4167,17.29045643153527,0.33021358291336694,21.316047712669274,2.6611440047966908,0.1079913606911447,0.09599232061435085,10.199184065274778
quincas_borba,complexo,pt,sbert,4000,8,32071,229,0.4730787277221679,5.490208792932403,5.464401229511018,0.0258075634213854,1.930201582754684,0.9502490779628768,0.962214003008558,0.011964925045681,323,292.5,94,65.5,0.0962464624353088,0.1067254606235134,0.0,160.0,142.0,18.0,93.52986413978525,96.71521490671542,-3.1853507669301706,"[46, 57, 0]",323,0,4121,17.995633187772924,0.34312060179568066,22.02663231043485,2.60478334630608,0.11744722154816792,0.1455957291919437,11.11380732831837
quincas_borba,complexo,pt,sbert,4000,9,36080,243,0.4730787277221679,5.588624327102213,5.531930413947624,0.0566939131545893,3.6857684337976857,0.944200802497498,0.9606736352845308,0.0164728327870329,372,317.5,129,76.0,0.0832842406001375,0.0951760839487954,0.0,153.0,153.5,-0.5,100.30423352953592,102.5054644781903,-2.201230948654384,"[39, 57, 0]",372,0,4138,17.02880658436214,0.35524407926534557,22.851888248458987,2.5876346809943467,0.1292895118414693,0.21749637506041566,10.415659739004349
quincas_borba,complexo,pt,sbert,4000,10,40088,251,0.4730787277221679,5.613015979412864,5.571083311200209,0.0419326682126541,2.474962293325826,0.9461874555167408,0.9601911189505384,0.0140036634337977,377,331.0,126,81.5,0.0826788889596532,0.1035896040720358,0.0,160.0,163.0,-3.0,103.26793163840772,106.1057550579123,-2.837823419504573,"[50, 55, 0]",377,0,4148,16.52589641434263,0.34643201542912244,22.311943128549988,2.6232039557917877,0.12246865959498554,0.1446480231436837,11.403085824493733
quincas_borba,complexo,pt,sbert,4000,11,44088,266,0.4730787277221679,5.6216716279189285,5.6273222102064375,0.005650582287509,-0.3729555738277714,0.9573499424678842,0.9591183064474996,0.0017683639796155,355,354.0,93,89.0,0.1208990600419099,0.0873371777810035,0.0335618822609063,149.0,167.0,-18.0,104.95745570251518,111.50867633031916,-6.5512206278039855,"[55, 47, 0]",355,0,4200,15.789473684210526,0.3361904761904762,21.78763301464738,2.6042934671991462,0.11095238095238096,0.3333333333333333,12.166666666666666
quincas_borba,complexo,pt,sbert,4000,12,48124,260,0.4730787277221679,5.62513380296096,5.607985189171797,0.0171486137891632,1.2988862426897831,0.9482301599507612,0.9583937689392156,0.0101636089884543,377,348.0,121,89.0,0.1221700719123445,0.090007156562877,0.0321629153494674,146.0,166.0,-20.0,104.846396749642,109.69948944014897,-4.853092690506955,"[48, 49, 0]",377,0,4137,15.911538461538461,0.3543630650229635,22.792460449097295,2.584763712374267,0.12424462170655064,0.19337684312303602,11.336717428087987
quincas_borba,complexo,pt,sbert,4000,13,52127,237,0.4730787277221679,5.497185470469354,5.504181282317221,0.006995811847867,-0.4840962324781471,0.9626575129571404,0.9611450457962428,0.0015124671608978,302,306.0,67,70.0,0.0780803729962143,0.0917350598646685,0.0,122.0,148.5,-26.5,97.733166726557,99.92702754702216,-2.193860820465176,"[52, 35, 0]",302,0,4104,17.31645569620253,0.35769980506822613,22.915132856698783,2.5798837988072423,0.12938596491228072,0.3898635477582846,10.501949317738791
quincas_borba,complexo,pt,sbert,4000,14,56131,246,0.4730787277221679,5.602082228720234,5.542472149552226,0.0596100791680083,3.113220285310613,0.9473373435980148,0.9613094616245615,0.0139721180265469,370,318.0,125,73.5,0.0804301426995049,0.0939898840568292,0.0,124.0,151.5,-27.5,99.36036299307165,103.7465051765376,-4.386142183465964,"[46, 39, 0]",370,0,4153,16.882113821138212,0.3551649410065013,22.88816917065647,2.583937674052144,0.1355646520587527,0.16855285335901757,10.931856489284854
quincas_borba,complexo,pt,sbert,4000,15,60139,240,0.4730787277221679,5.537962597623689,5.524975174211381,0.0129874234123077,0.960384979514118,0.9544725287104804,0.9602782638499482,0.0058057351394679,331,316.0,92,76.5,0.0913155320188747,0.0901059516725596,0.001209580346315,137.0,154.5,-17.5,94.52014271701675,101.78755493151375,-7.267412214497,"[41, 48, 0]",331,0,4152,17.3,0.3651252408477842,23.52721541375521,2.60173124748845,0.13439306358381503,0.09633911368015415,10.573217726396917
quincas_borba,complexo,pt,sbert,4000,16,64149,281,0.4730787277221679,5.735266560882595,5.693811992722943,0.0414545681596516,2.4456092392178204,0.9458228422513476,0.9565171672598668,0.0106943250085191,430,385.5,152,106.5,0.1128519548709049,0.0944645365308332,0.0183874183400716,191.0,185.5,5.5,115.49108070069413,118.1526875033465,-2.6616068026523862,"[47, 72, 0]",430,0,4121,14.665480427046264,0.33341421984955105,21.40353097209157,2.6493089411408235,0.10725552050473186,0.3397233681145353,12.691094394564425
quincas_borba,complexo,pt,sbert,4000,17,68152,288,0.4730787277221679,5.702798869138922,5.717698336587947,0.014899467449025,-0.9526044743339958,0.9479138788696232,0.9558406813813888,0.0079268025117655,410,396.0,135,111.0,0.1422906610870664,0.0939937932170021,0.0482968678700642,199.0,183.0,16.0,114.67820029319388,120.67194340991568,-5.993743116721788,"[49, 75, 0]",410,0,4156,14.430555555555555,0.35153994225216556,22.662741573569907,2.5682551362143204,0.12199230028873917,0.07218479307025986,12.247353224254091
quincas_borba,complexo,pt,sbert,4000,18,72162,242,0.4730787277221679,5.499382424388164,5.523635726358678,0.0242533019705133,-1.6624022866805477,0.9565153117671964,0.9618167279286924,0.005301416161496,314,313.0,83,72.0,0.1382189617393651,0.0901059516725596,0.0481130100668054,158.0,155.0,3.0,95.9501244864285,101.68873548072833,-5.738610994299819,"[52, 53, 0]",314,0,3966,16.388429752066116,0.36409480584972265,22.929302205845676,2.586202887086156,0.13161875945537066,0.17650025214321735,11.01865859808371
