obra,nivel,idioma,embedder,janela_palavras,janela_idx,palavra_ini,n_sentencas,eps,H_obs,H_ref,delta_H,z_H,H_norm_obs,H_norm_ref,delta_H_norm,n_barras_obs,n_barras_ref,n_H1_obs,n_H1_ref,dB_obs_ref,dB_base,delta_dB,C_obs,C_ref,delta_T,Cpers_obs,Cpers_ref,delta_Tpers,beta_obs,n_barras,degenerado
alice_wonderland,simples,en,sbert,6000,0,0,274,0.479492723941803,5.68139655034553,5.654104334668205,0.027292215677324982,2.105077836085042,0.9486447072981721,0.9552274098449365,0.006582702546764407,399,372.5,126,99.5,0.06214252155470103,0.0734056003312803,0.0,113.0,126.0,-13.0,109.36435277196114,110.0996092886241,-0.7352565166629574,"[53, 30, 0]",399,0
alice_wonderland,simples,en,sbert,6000,1,6004,294,0.479492723941803,5.757365356320152,5.727313122020831,0.0300522342993208,2.9179077163528633,0.9455284817387138,0.9548882202111821,0.009359738472468293,441,405.0,147,111.0,0.06588633431727552,0.06638783047695515,0.0,115.0,137.0,-22.0,111.48917075962612,118.03274531556843,-6.543574555942314,"[45, 35, 0]",441,0
alice_wonderland,simples,en,sbert,6000,2,12044,330,0.479492723941803,5.906487991057056,5.847974071027124,0.05851392002993183,5.523674352498356,0.9415915511962438,0.9530816964580786,0.011490145261834783,530,459.0,201,129.5,0.06932939765328505,0.06780369792519242,0.0015256997280926332,130.0,148.5,-18.5,123.3427181672734,130.8351662967474,-7.492448129473985,"[38, 46, 0]",530,0
alice_wonderland,simples,en,sbert,6000,3,18048,351,0.479492723941803,5.883885058121548,5.919985054262488,0.036099996140940505,-2.600657834349023,0.9498708409641643,0.9517222118500284,0.0018513708858640676,490,501.5,146,152.0,0.10032081758565661,0.06638783047695515,0.03393298710870146,112.0,162.5,-50.5,122.94721122314456,139.39698593251018,-16.449774709365613,"[50, 31, 0]",490,0
alice_wonderland,simples,en,sbert,6000,4,24051,127,0.479492723941803,4.904020256284255,4.855306193350888,0.04871406293336733,4.352459925348132,0.9505655535483205,0.9709903567274702,0.020424803179149742,174,148.0,47,21.0,0.08715937740100167,0.07660005696804836,0.010559320432953309,57.0,60.0,-3.0,51.25573576693388,53.237689207179514,-1.9819534402456327,"[25, 16, 0]",174,0
perolas_infantis,simples,pt,sbert,6000,0,0,217,0.4562057852745056,5.450285037157169,5.446018145160718,0.00426689199645125,0.33968485315415253,0.9527951010372393,0.9512668460054644,0.0015282550317748944,305,306.0,88,89.0,0.056642083091804754,0.03973405378577721,0.01690802930602754,91.0,100.0,-9.0,83.77988546320448,85.72013428369908,-1.9402488204946025,"[41, 25, 0]",305,0
perolas_infantis,simples,pt,sbert,6000,1,6016,233,0.4562057852745056,5.554887394068092,5.517456773128231,0.03743062093986094,2.841907116682507,0.937651509999342,0.9505828679265825,0.012931357927240539,374,331.5,141,98.5,0.05201814439127081,0.04542843618363313,0.0065897082076376776,121.0,108.0,13.0,87.29988518268873,91.79576298144154,-4.495877798752815,"[25, 48, 0]",374,0
perolas_infantis,simples,pt,sbert,6000,2,12049,25,0.4562057852745056,3.206705266023252,3.215637000706745,0.008931734683493175,-2.0977061840205526,0.9842265962967941,0.9987911562671508,0.01456455997035666,26,25.0,1,0.0,0.13759416302829103,0.07648951023279915,0.061104652795491876,11.0,18.0,-7.0,9.96355712222572,11.012353800957648,-1.048796678731927,"[9, 1, 0]",26,0
dom_casmurro,intermediario,pt,sbert,6000,0,0,340,0.4636055827140808,5.879260095694444,5.912843604857117,0.03358350916267305,-2.498530108602743,0.9599288192489034,0.9505302631709508,0.009398556077952591,457,506.0,118,166.5,0.10199420236246547,0.07893982147181233,0.023054380890653134,243.0,243.5,-0.5,139.4364730276945,143.35572163038583,-3.91924860269134,"[85, 79, 0]",457,0
dom_casmurro,intermediario,pt,sbert,6000,1,6001,356,0.4636055827140808,6.000118424862102,5.965898869207978,0.03421955565412382,2.0510469565186153,0.9437350241401208,0.9492928194917921,0.005557795351671335,577,538.0,225,183.5,0.10586839737175639,0.08834249398342064,0.017525903388335748,285.0,255.0,30.0,145.07761411537794,149.96562518143392,-4.888011066055981,"[55, 115, 0]",577,0
dom_casmurro,intermediario,pt,sbert,6000,2,12001,374,0.4636055827140808,6.048405120641949,6.021348147575539,0.02705697306640964,1.775276166877967,0.9406950243008926,0.9479764390902408,0.007281414789348184,620,572.5,250,198.5,0.11142042292644166,0.07609083805290352,0.03532958487353814,235.0,256.0,-21.0,148.226274878156,156.84887687069278,-8.622601992536772,"[57, 89, 0]",620,0
dom_casmurro,intermediario,pt,sbert,6000,3,18016,338,0.4636055827140808,5.963228989659467,5.903976466815573,0.05925252284389426,3.9966842902438415,0.9374226442907013,0.9505440594916044,0.013121415200903042,579,496.0,241,159.0,0.09898432072359863,0.08325531974642743,0.015729000977171198,138.0,232.0,-94.0,133.90037450641668,142.14266511677795,-8.242290610361266,"[44, 47, 0]",579,0
dom_casmurro,intermediario,pt,sbert,6000,4,24028,334,0.4636055827140808,5.910932904291353,5.892338460734743,0.01859444355660944,1.3588738795011785,0.945753011039839,0.9512694189630557,0.005516407923216726,518,492.0,184,159.0,0.07402580101039458,0.07659213002220973,0.0,223.0,229.0,-6.0,135.02639201072242,140.4513048947304,-5.424912884007995,"[51, 86, 0]",518,0
dom_casmurro,intermediario,pt,sbert,6000,5,30049,315,0.4636055827140808,5.840850814947446,5.82670749028893,0.014143324658515866,1.0436760076163527,0.9473568463715368,0.9515573952034944,0.004200548831957529,476,456.0,161,141.5,0.0803930337101931,0.07516271739875807,0.005230316311435029,172.0,219.5,-47.5,127.93507851096642,132.2619943671722,-4.326915856205787,"[56, 58, 0]",476,0
dom_casmurro,intermediario,pt,sbert,6000,6,36052,331,0.4636055827140808,5.907667614661625,5.882480178147375,0.025187436514249484,1.5436172666179842,0.9437799713249888,0.9522661745119387,0.008486203186949925,523,481.5,193,152.0,0.10776082464931713,0.08223063083603321,0.02553019381328392,152.0,233.0,-81.0,133.20964932316542,139.4288800052874,-6.2192306821219745,"[54, 49, 0]",523,0
dom_casmurro,intermediario,pt,sbert,6000,7,42062,334,0.4636055827140808,5.882774004760405,5.892338460734743,0.009564455974338415,-0.6989662990236506,0.9548086434367754,0.9512694189630557,0.003539224473719682,474,492.0,141,159.0,0.10403102554864066,0.07659213002220973,0.02743889552643093,258.0,229.0,29.0,139.37495003608785,140.4513048947304,-1.07635485864256,"[74, 92, 0]",474,0
dom_casmurro,intermediario,pt,sbert,6000,8,48072,318,0.4636055827140808,5.809368429751435,5.837510133894076,0.028141704142640833,-2.2459480597907717,0.963301545187878,0.952135109906789,0.011166435281089071,416,459.5,98,141.5,0.11766551347949064,0.07927369346353798,0.03839182001595266,171.0,219.5,-48.5,129.06696902216248,133.71965258233564,-4.652683560173159,"[77, 47, 0]",416,0
dom_casmurro,intermediario,pt,sbert,6000,9,54080,349,0.4636055827140808,5.979832578752518,5.940346656078338,0.03948592267417972,2.552451643574963,0.9434004615180589,0.9501051041086869,0.006704642590627974,566,518.5,218,170.0,0.07534069365050723,0.09358223717301178,0.0,240.0,241.0,-1.0,142.9460611464495,146.91579440923562,-3.9697332627861215,"[62, 89, 0]",566,0
dom_casmurro,intermediario,pt,sbert,6000,10,60085,307,0.4636055827140808,5.812657833668629,5.799812620783539,0.012845212885089552,0.9988108451729817,0.9514523277903344,0.954364422896275,0.002912095105940593,450,435.5,143,128.5,0.0685498876232848,0.08626026663192088,0.0,165.0,207.0,-42.0,127.26790074346432,128.94538893375693,-1.6774881902926069,"[57, 54, 0]",450,0
hamlet,intermediario,en,sbert,6000,0,0,616,0.5144368410110474,6.202809879831863,6.250816324061921,0.048006444230058065,-1.8382604719082967,0.934359650579185,0.9354810245825125,0.0011213740033274577,764,796.0,323,333.0,0.12390968153835445,0.07651151815626994,0.04739816338208451,241.0,284.0,-43.0,179.14321121574272,200.46920954604116,-21.325998330298432,"[37, 102, 0]",764,0
hamlet,intermediario,en,sbert,6000,1,6039,654,0.5144368410110474,6.239603315115619,6.312976307948164,0.07337299283254506,-2.8257618580423687,0.938612486699799,0.9354983822299305,0.003114104469868484,771,852.0,306,360.0,0.11817993789356995,0.07056629848352762,0.04761363941004233,251.0,305.0,-54.0,191.84409242374755,211.06020104668664,-19.21610862293909,"[43, 104, 0]",771,0
hamlet,intermediario,en,sbert,6000,2,12042,626,0.5144368410110474,6.249664624955038,6.264563442660122,0.014898817705083722,-0.5366249108322968,0.9374088987725205,0.9363954658728502,0.0010134328996703745,786,804.0,319,333.0,0.06923644073478348,0.08084887823302833,0.0,284.0,284.0,0.0,197.14771631415923,202.30301384992265,-5.155297535763424,"[52, 116, 0]",786,0
hamlet,intermediario,en,sbert,6000,3,18051,644,0.5144368410110474,6.362616161313305,6.29963208662784,0.06298407468546507,2.242986625842441,0.9285450853783302,0.9348860070311682,0.00634092165283795,946,842.5,456,355.0,0.06470524754908116,0.07948265396867973,0.0,289.0,287.5,1.5,209.5811692247238,208.12560229675887,1.4555669279649237,"[37, 126, 0]",946,0
hamlet,intermediario,en,sbert,6000,4,24085,643,0.5144368410110474,6.238167861066496,6.290089550657619,0.05192168959112298,-1.9850954729782184,0.93622146604104,0.9351432194238292,0.0010782466172107874,783,839.0,323,350.5,0.09069914797039184,0.07460547012942609,0.016093677840965756,306.0,298.5,7.5,196.21664881059488,207.47905308915267,-11.262404278557796,"[52, 127, 0]",783,0
hamlet,intermediario,en,sbert,6000,5,30124,244,0.5144368410110474,5.2830118163337945,5.294625660632891,0.011613844299096954,-0.35482481707184826,0.9481094359247343,0.9523943485576325,0.004284912632898208,263,260.5,74,65.0,0.10129854293263099,0.09158704282238285,0.009711500110248142,99.0,105.5,-6.5,79.03091001345129,84.90872426454732,-5.8778142510960265,"[33, 33, 0]",263,0
ulysses,complexo,en,sbert,6000,0,0,463,0.5766736268997192,6.2990417593120265,6.252876968569188,0.04616479074283841,2.2154304600487777,0.9306416601661543,0.9362306008699477,0.005588940703793344,870,792.5,412,330.5,0.11151314757264018,0.08769471250084283,0.023818435071797345,239.0,392.5,-153.5,216.0662148029408,238.57270778527894,-22.50649298233813,"[25, 107, 0]",870,0
ulysses,complexo,en,sbert,6000,1,6018,531,0.5766736268997192,6.414876721693648,6.402637469703327,0.012239251990321165,0.7543160329023975,0.9331817703455249,0.9327664231518621,0.00041534719366276285,967,958.5,440,431.5,0.08393020549752869,0.07019691904427816,0.013733286453250532,288.0,463.5,-175.5,255.10344370867728,272.48866780289774,-17.38522409422046,"[32, 128, 0]",967,0
ulysses,complexo,en,sbert,6000,2,12019,695,0.5766736268997192,6.758937274795221,6.712061695710086,0.04687557908513451,3.28329371210474,0.9254799254812076,0.9285671872669086,0.0030872617857009566,1485,1376.5,799,686.0,0.08264651608586024,0.07022533247568305,0.012421183610177189,465.0,638.5,-173.5,344.7164784120363,356.85236641614483,-12.135888004108551,"[23, 221, 0]",1485,0
ulysses,complexo,en,sbert,6000,3,18023,785,0.5766736268997192,6.876039252718623,6.8573894817066545,0.018649771011968852,1.2718593390509922,0.9309745322490317,0.926128466086554,0.004846066162477736,1613,1641.0,836,864.5,0.08143917280873003,0.0594279304092952,0.022011242399434833,759.0,741.0,18.0,385.7847300223592,404.0714595143053,-18.286729491946062,"[23, 368, 0]",1613,0
ulysses,complexo,en,sbert,6000,4,24024,815,0.5766736268997192,6.902729172060927,6.894783457116322,0.007945714944605164,0.4974923667180711,0.9328000397907013,0.9261163601334204,0.006683679657280894,1636,1710.5,829,901.5,0.06645704678980958,0.06164984721106154,0.004807199578748048,781.0,755.0,26.0,402.85724081172253,419.77665351397593,-16.919412702253396,"[37, 372, 0]",1636,0
ulysses,complexo,en,sbert,6000,5,30026,749,0.5766736268997192,6.84921787347224,6.802470590721654,0.046747282750585484,3.2713365934384084,0.9323724957840868,0.9265282041702736,0.005844291613813168,1550,1548.0,805,806.0,0.07357022404964411,0.0698956750952772,0.0036745489543669185,699.0,683.0,16.0,375.7424615503586,385.549734715364,-9.807273165005427,"[27, 336, 0]",1550,0
ulysses,complexo,en,sbert,6000,6,36032,750,0.5766736268997192,6.834446139092811,6.8019483760962345,0.03249776299657636,2.1298420777360962,0.9280997309091247,0.9270233720850365,0.001076358824088186,1578,1533.0,835,792.5,0.06415289021036305,0.06271871935471908,0.0014341708556439708,740.0,685.0,55.0,373.5890328919644,385.59467124038866,-12.00563834842427,"[28, 356, 0]",1578,0
ulysses,complexo,en,sbert,6000,7,42043,651,0.5766736268997192,6.567660170560701,6.643067932235539,0.07540776167483809,-5.036851895221753,0.9296368276291403,0.9283555183872002,0.0012813092419401428,1170,1279.5,575,634.0,0.184198218228703,0.06428164825949975,0.11991656996920325,354.0,572.5,-218.5,289.3035483425219,335.4159318718056,-46.112383529283704,"[50, 152, 0]",1170,0
ulysses,complexo,en,sbert,6000,8,48068,749,0.5766736268997192,6.785930278547058,6.802470590721654,0.016540312174596394,-1.1574775109891133,0.9348149497542088,0.9265282041702736,0.008286745583935162,1421,1548.0,688,806.0,0.10772708703118247,0.0698956750952772,0.03783141193590528,679.0,683.0,-4.0,370.3942580296368,385.549734715364,-15.155476685727251,"[53, 313, 0]",1421,0
ulysses,complexo,en,sbert,6000,9,54073,884,0.5766736268997192,6.959886790895328,6.9929016584313795,0.03301486753605154,-2.6495775519217104,0.9339845436434066,0.9250153221682357,0.008969221475170874,1723,1924.0,849,1046.5,0.05923177258845952,0.06268718430971933,0.0,746.0,808.5,-62.5,433.29512456365825,455.6048419035022,-22.309717339843928,"[52, 347, 0]",1723,0
ulysses,complexo,en,sbert,6000,10,60073,698,0.5766736268997192,6.70122028333664,6.718257354041494,0.017037070704854607,-1.2054234875737444,0.9308632155647655,0.9279592775339798,0.002903938030785702,1338,1391.5,650,699.5,0.12013338080578138,0.0721348671972873,0.04799851360849408,553.0,638.5,-85.5,333.7924631933277,360.02250672386094,-26.230043530533237,"[43, 255, 0]",1338,0
ulysses,complexo,en,sbert,6000,11,66074,449,0.5766736268997192,6.2924104125968805,6.2134613324880235,0.07894908010885704,4.473736512495115,0.9220495120627169,0.9372004954464705,0.015150983383753647,920,755.0,476,310.5,0.0739547572656913,0.07612657435173947,0.0,292.0,376.0,-84.0,230.4550731854959,230.87935776893733,-0.4242845834414197,"[34, 129, 0]",920,0
ulysses,complexo,en,sbert,6000,12,72075,522,0.5766736268997192,6.424724373076257,6.38485055430851,0.03987381876774698,1.892264356609018,0.9314292835150113,0.9331111581460733,0.0016818746310619526,990,936.0,472,417.0,0.0929368799491998,0.0756353673582878,0.017301512590912005,337.0,426.0,-89.0,252.66272557876994,267.116305139587,-14.453579560817047,"[33, 152, 0]",990,0
ulysses,complexo,en,sbert,6000,13,78083,613,0.5766736268997192,6.5434005540453954,6.56446267687493,0.02106212282953468,-1.1843006352389343,0.9311381383275822,0.9305989704223205,0.0005391679052616505,1127,1154.0,531,549.5,0.14591736923038373,0.07059630142293442,0.07532106780744931,467.0,527.0,-60.0,284.9741961395131,313.68322132264257,-28.709025183129484,"[41, 213, 0]",1127,0
ulysses,complexo,en,sbert,6000,14,84095,623,0.5766736268997192,6.590800060798485,6.583246138072052,0.007553922726432738,0.4642730302972767,0.9284941226507043,0.9302771553845997,0.001783032733895351,1210,1182.5,611,564.5,0.16729876960197745,0.07030116763830196,0.09699760196367549,425.0,548.0,-123.0,273.6272583503986,320.2539288423866,-46.626670491987966,"[17, 204, 0]",1210,0
ulysses,complexo,en,sbert,6000,15,90097,955,0.5766736268997192,7.082660196022057,7.082482526762739,0.00017766925931805844,0.01523017186971747,0.9315734476902734,0.9244038173154709,0.007169630374802449,2004,2122.0,1079,1179.5,0.15207108196301064,0.06350677756958627,0.08856430439342437,466.0,869.5,-403.5,418.72635788645204,492.5200852623011,-73.79372737584907,"[16, 225, 0]",2004,0
ulysses,complexo,en,sbert,6000,16,96097,723,0.5766736268997192,6.691621694182972,6.7663948283475195,0.07477313416454745,-5.869735398310158,0.9336662940960944,0.9268687598760456,0.0067975342200488065,1296,1485.5,625,766.5,0.17699015883271402,0.06491612819715817,0.11207403063555585,472.0,656.0,-184.0,312.2130780635558,373.65678301859475,-61.443704955038925,"[28, 222, 0]",1296,0
ulysses,complexo,en,sbert,6000,17,102106,245,0.5766736268997192,5.621307981692908,5.544443913938517,0.07686406775439103,4.641229416220514,0.9256161304480847,0.9545747721877763,0.02895864173969165,434,334.5,193,90.5,0.1414046532640232,0.11525088201862242,0.02615377124540079,116.0,175.0,-59.0,119.40416698425005,127.67211879069342,-8.267951806443364,"[20, 48, 0]",434,0
ulysses,complexo,en,sbert,6000,18,108114,412,0.5766736268997192,6.024140381085495,6.11775638079037,0.09361599970487511,-5.029163136274969,0.9274663721145503,0.9388481116461094,0.011381739531559076,662,674.0,285,266.5,0.21175236864381977,0.08717491405349242,0.12457745459032735,175.0,342.5,-167.5,172.56279999319798,211.91742565549137,-39.35462566229339,"[31, 72, 0]",662,0
ulysses,complexo,en,sbert,6000,19,114117,364,0.5766736268997192,6.046834148295784,5.982995800924795,0.06383834737098937,4.212103007846341,0.9242430360874444,0.9411501736888404,0.01690713760139595,694,576.0,332,214.5,0.11787636203236936,0.08213482038644779,0.03574154164592157,212.0,290.0,-78.0,173.29431198285766,187.6378205177458,-14.343508534888144,"[34, 89, 0]",694,0
ulysses,complexo,en,sbert,6000,20,120159,274,0.5766736268997192,5.7173876221190145,5.6670383923938665,0.05034922972514799,2.9679775165109015,0.919401072922251,0.9497863628779726,0.03038528995572154,502,389.0,239,117.0,0.20881106436822522,0.08371808327590298,0.12509298109232225,100.0,199.0,-99.0,120.98624942199022,141.80658957658704,-20.82034015459682,"[20, 40, 0]",502,0
ulysses,complexo,en,sbert,6000,21,126164,416,0.5766736268997192,6.210384584077392,6.132134307050851,0.07825027702654097,5.318840445726633,0.925637632326916,0.9383394567217223,0.012701824394806271,820,687.5,410,274.0,0.10513394079191829,0.08782056339385719,0.017313377398061103,305.0,349.0,-44.0,207.9866430754908,214.53985752868826,-6.553214453197455,"[33, 136, 0]",820,0
ulysses,complexo,en,sbert,6000,22,132172,863,0.5766736268997192,6.9207128653473955,6.963658040166841,0.0429451748194456,-2.7207428334995027,0.9335451154597828,0.9256250968586108,0.007920018601171974,1658,1853.5,826,1000.0,0.13455381953248488,0.05427566943843444,0.08027815009405044,926.0,770.5,155.5,410.99994188172604,444.79383525505364,-33.79389337332759,"[44, 441, 0]",1658,0
ulysses,complexo,en,sbert,6000,23,138175,214,0.5766736268997192,5.541022414510643,5.398524885022798,0.14249752948784433,11.392186854618044,0.9213975505545552,0.9593876053259848,0.03799005477142958,409,278.0,195,65.0,0.116402946916908,0.11145107423687828,0.004951872680029723,73.0,138.0,-65.0,105.83655453677852,111.60135336873711,-5.764798831958586,"[9, 32, 0]",409,0
ulysses,complexo,en,sbert,6000,24,144202,200,0.5766736268997192,5.432795244079064,5.329017675130954,0.10377756894810997,9.557688952081005,0.9199766896365231,0.9588095457628129,0.03883285612628973,367,258.0,167,59.5,0.1447224019885187,0.11075892403868381,0.0339634779498349,70.0,130.0,-60.0,100.30642657931104,104.06711385944476,-3.760687280133723,"[20, 25, 0]",367,0
ulysses,complexo,en,sbert,6000,25,150217,419,0.5766736268997192,6.191252526776984,6.135277704706487,0.05597482207049698,3.5205978911553792,0.926715641103888,0.939603523075293,0.012887881971405002,797,686.0,382,270.0,0.0993865202567874,0.08393262686627041,0.01545389339051699,378.0,349.0,29.0,213.88127269868465,215.39491303489459,-1.5136403362099315,"[24, 177, 0]",797,0
ulysses,complexo,en,sbert,6000,26,156219,681,0.5766736268997192,6.727230273744076,6.684959687408432,0.04227058633564429,2.7077887431374146,0.9215639744164075,0.9284232588883568,0.0068592844719492785,1480,1340.5,806,664.5,0.07020091564482575,0.06768524834478598,0.00251566730003977,366.0,595.0,-229.0,331.9454485933144,348.5742357945728,-16.628787201258433,"[30, 168, 0]",1480,0
ulysses,complexo,en,sbert,6000,27,162219,542,0.5766736268997192,6.426443001520523,6.430811331151411,0.004368329630887402,-0.3014024970117147,0.9303229112753781,0.9320017791457489,0.0016788678703707482,1000,995.0,466,456.0,0.0938374509296319,0.06953314864809576,0.02430430228153614,217.0,470.5,-253.5,260.6499753975786,279.288091879395,-18.638116481816382,"[33, 92, 0]",1000,0
ulysses,complexo,en,sbert,6000,28,168233,422,0.5766736268997192,6.182733760122057,6.145363635263676,0.03737012485838065,2.1968144181899807,0.929154199782577,0.9374561745790115,0.008301974796434575,776,702.0,355,282.0,0.0698956750952772,0.08487552424645678,0.0,242.0,349.0,-107.0,214.2245052114853,216.83367532835922,-2.609170116873912,"[50, 96, 0]",776,0
ulysses,complexo,en,sbert,6000,29,174239,576,0.5766736268997192,6.487847185963882,6.499466010769355,0.01161882480547316,-0.8763956334804189,0.9286174007876087,0.9314907673239385,0.0028733665363298577,1082,1067.0,507,494.5,0.1038967936514022,0.08187927232436001,0.022017521327042183,251.0,506.5,-255.5,268.43232367412986,296.22441286609865,-27.792089191968785,"[45, 103, 0]",1082,0
ulysses,complexo,en,sbert,6000,30,180242,588,0.5766736268997192,6.529992782721118,6.517857942425893,0.012134840295225047,0.7816730628333313,0.9265664173096541,0.9314740546301323,0.004907637320478275,1150,1091.0,565,507.5,0.089935579695224,0.07122845394731381,0.018707125747910197,213.0,500.0,-287.0,268.71815607435786,301.1078995848602,-32.38974351050234,"[33, 90, 0]",1150,0
ulysses,complexo,en,sbert,6000,31,186250,594,0.5766736268997192,6.5317201284537845,6.5313772556690655,0.00034287278471900606,0.02056494582584594,0.9313710854755429,0.9303361890872682,0.0010348963882746975,1111,1118.5,524,529.0,0.11654168234483953,0.07908084193641426,0.03746084040842526,185.0,516.0,-331.0,258.87069882201166,303.2344476237781,-44.36374880176646,"[27, 79, 0]",1111,0
ulysses,complexo,en,sbert,6000,32,192251,424,0.5766736268997192,6.249828387602335,6.155094521342867,0.09473386625946834,5.918353681618618,0.9247915049882193,0.9376442150476316,0.012852710059412353,861,709.0,438,287.5,0.09402021976869798,0.0879354793362731,0.006084740432424879,203.0,344.0,-141.0,203.5237460769708,217.86524684781483,-14.341500770844021,"[19, 92, 0]",861,0
ulysses,complexo,en,sbert,6000,33,198269,275,0.5766736268997192,5.687516647290253,5.671576462211808,0.015940185078444635,0.9206039153358749,0.9340572723029691,0.9479539462174325,0.013896673914463364,441,396.0,172,122.0,0.1260449337490302,0.0879232180837508,0.0381217156652794,122.0,204.0,-82.0,132.25493779474297,142.359591243541,-10.104653448798018,"[28, 47, 0]",441,0
ulysses,complexo,en,sbert,6000,34,204290,235,0.5766736268997192,5.5543275568504455,5.502811165989874,0.051516390860571804,3.7261391699788,0.9358764240397023,0.9547849872461474,0.018908563206445073,378,319.0,143,84.5,0.10594576860664488,0.09682422046113709,0.009121548145507793,111.0,166.0,-55.0,120.68326710302155,122.14903289713705,-1.465765794115498,"[41, 35, 0]",378,0
ulysses,complexo,en,sbert,6000,35,210293,238,0.5766736268997192,5.581507248364534,5.516254865770271,0.06525238259426303,3.901745337103436,0.9308016083306939,0.9539391998520358,0.02313759152134187,402,324.5,165,88.0,0.08722478340876164,0.09100517371869132,0.0,122.0,166.0,-44.0,120.10319602513948,123.36941508405602,-3.2662190589165334,"[28, 47, 0]",402,0
ulysses,complexo,en,sbert,6000,36,216314,210,0.5766736268997192,5.433301770263296,5.3809629634976055,0.05233880676569047,3.5802327009761634,0.9393959186150143,0.9582442620528864,0.018848343437872117,325,276.0,115,66.0,0.11035055190291204,0.09185527181282463,0.018495280090087413,115.0,140.0,-25.0,102.75468368909182,109.37839256545138,-6.623708876359558,"[21, 47, 0]",325,0
ulysses,complexo,en,sbert,6000,37,222341,347,0.5766736268997192,5.955700915307506,5.926410869473942,0.029290045833563205,1.5986540234563924,0.9393317681232844,0.9434401000102477,0.004108331886963246,567,532.0,224,187.5,0.10784771324818822,0.07513533843769556,0.03271237481049266,204.0,274.0,-70.0,164.19799676765263,178.20008872614096,-14.002091958488336,"[40, 82, 0]",567,0
ulysses,complexo,en,sbert,6000,38,228354,246,0.5766736268997192,5.6136040016341555,5.554408190756131,0.05919581087802417,4.137030167064055,0.9405057870933652,0.9526828386794659,0.012177051586100718,391,340.5,146,96.0,0.10040111254020438,0.11192431328340882,0.0,171.0,182.0,-11.0,119.28117627942683,127.52293791826408,-8.241761638837247,"[21, 75, 0]",391,0
ulysses,complexo,en,sbert,6000,39,234406,268,0.5766736268997192,5.67571538587437,5.647449342058271,0.02826604381609865,2.0907406389989456,0.9385424309653584,0.9496035527969601,0.011061121831601683,423,380.5,158,112.5,0.14676345396010373,0.09929757854413938,0.04746587541596435,154.0,196.5,-42.5,128.39971867027648,139.14416865598236,-10.74444998570587,"[22, 66, 0]",423,0
ulysses,complexo,en,sbert,6000,40,240410,118,0.5766736268997192,4.923295200579729,4.772592350752027,0.15070284982770232,14.271717533846022,0.9135701744959643,0.9801828927281233,0.06661271823215897,219,130.0,101,12.0,0.14738181320400165,0.11739680533941697,0.029985007864584676,34.0,67.0,-33.0,59.20736524667286,62.814154223216185,-3.606788976543328,"[12, 11, 0]",219,0
ulysses,complexo,en,sbert,6000,41,246450,101,0.5766736268997192,4.822335309978525,4.616667660352569,0.20566764962595663,25.505236030663752,0.899472582528137,0.9834592893007704,0.08398670677263342,213,109.5,112,8.5,0.10928605069794001,0.13083760884288675,0.0,53.0,55.5,-2.5,53.54954364610422,54.416686991199896,-0.8671433450956769,"[3, 25, 0]",213,0
ulysses,complexo,en,sbert,6000,42,252451,100,0.5766736268997192,4.82613057236557,4.606516317999885,0.21961425436568494,19.58728998012125,0.8940320696537455,0.9812804663203367,0.08724839666659123,221,109.0,121,9.0,0.12296259645451728,0.11649052280193112,0.0064720736525861605,27.0,56.0,-29.0,52.77235714670668,53.19217911102804,-0.41982196432135765,"[1, 13, 0]",221,0
ulysses,complexo,en,sbert,6000,43,258451,100,0.5766736268997192,4.787059422943649,4.606516317999885,0.18054310494376402,16.102552908776616,0.9096221231179465,0.9812804663203367,0.07165834320239017,193,109.0,93,9.0,0.11410114415177763,0.11649052280193112,0.0,20.0,56.0,-36.0,51.58786450020058,53.19217911102804,-1.6043146108274584,"[4, 8, 0]",193,0
ulysses,complexo,en,sbert,6000,44,264451,12,0.5766736268997192,2.4742146134720446,2.484830587211124,0.010615973739079188,-4.7398626623072335,0.9956972080553336,0.9999693901672793,0.004272182111945688,12,12.0,0,0.0,0.18831604806879604,0.048210004396859796,0.14010604367193624,3.0,11.0,-8.0,5.937426033163899,6.894527920170477,-0.9571018870065782,"[3, 0, 0]",12,0
o_guarany_v1,complexo,pt,sbert,6000,0,0,243,0.45269250869750977,5.488926518016893,5.5139801633858845,0.025053645368991795,-1.1040683808603118,0.9710636045403302,0.95784988576779,0.013213718772540295,285,315.0,44,82.5,0.08495091211336353,0.10075326598424313,0.0,91.0,130.0,-39.0,89.72028543659103,92.61948013780972,-2.89919470121869,"[53, 19, 0]",285,0
o_guarany_v1,complexo,pt,sbert,6000,1,6021,230,0.45269250869750977,5.444694406274284,5.4552893803939195,0.010594974119635836,-0.6008098782648512,0.9512734255348166,0.9605156052571743,0.009242179722357635,306,295.0,87,70.0,0.10959913276685782,0.10714065186846762,0.0024584808983901946,107.0,123.0,-16.0,80.93865805291193,88.19033017742126,-7.2516721245093265,"[31, 38, 0]",306,0
o_guarany_v1,complexo,pt,sbert,6000,2,12031,221,0.45269250869750977,5.48725279722373,5.408726768905067,0.07852602831866307,5.3221520888380205,0.9492295899711143,0.9611106975378807,0.011881107566766413,324,278.5,103,64.0,0.12189084256331931,0.09986752231929888,0.022023320244020428,117.0,124.0,-7.0,86.69910408059586,85.27015577438391,1.4289483062119501,"[41, 38, 0]",324,0
o_guarany_v1,complexo,pt,sbert,6000,3,18035,282,0.45269250869750977,5.6704404953892595,5.671601101582446,0.0011606061931868084,-0.06680702512793871,0.9456325860005592,0.955357359227077,0.009724773226517769,402,378.5,136,105.0,0.11234467453484895,0.09810111943494478,0.014243555099904173,126.0,149.0,-23.0,98.6841913425829,106.99060639821062,-8.30641505562771,"[28, 49, 0]",402,0
o_guarany_v1,complexo,pt,sbert,6000,4,24067,258,0.45269250869750977,5.599821426540913,5.575269611891104,0.0245518146498096,1.1160731974635172,0.951362972285301,0.9570730900774163,0.005710117792115277,360,338.5,107,88.5,0.10271359672298352,0.10833500004962318,0.0,121.0,140.5,-19.5,97.46349936963061,98.33238028357987,-0.8688809139492548,"[41, 40, 0]",360,0
o_guarany_v1,complexo,pt,sbert,6000,5,30070,281,0.45269250869750977,5.657556906806403,5.669253245459661,0.011696338653258032,-0.5612421713135619,0.9495054814445608,0.9562404529138471,0.006734971469286255,387,377.0,117,105.0,0.11093180856192396,0.09437027558144259,0.016561532980481367,154.0,154.0,0.0,100.03075468826368,106.78165130933547,-6.750896621071789,"[38, 58, 0]",387,0
o_guarany_v1,complexo,pt,sbert,6000,6,36095,232,0.45269250869750977,5.570377078141741,5.468038912520098,0.1023381656216431,4.947460356818792,0.9406912622592272,0.9581776647334014,0.017486402474174212,373,298.5,141,76.0,0.11623528093367326,0.0999438339432918,0.01629144699038146,71.0,124.5,-53.5,87.6786711719662,88.82933406402348,-1.1506628920572837,"[13, 29, 0]",373,0
o_guarany_v1,complexo,pt,sbert,6000,7,42153,290,0.45269250869750977,5.744210970944187,5.701824972148133,0.0423859987960542,2.0547078613363583,0.9430173611500589,0.9552621751972751,0.012244814047216224,442,390.5,166,110.0,0.09074239722740361,0.10456825015762382,0.0,117.0,158.0,-41.0,102.46179337090938,110.21924570240199,-7.757452331492615,"[29, 44, 0]",442,0
o_guarany_v1,complexo,pt,sbert,6000,8,48157,261,0.45269250869750977,5.696520784218585,5.583666366454301,0.11285441776428407,6.0558036580543355,0.9380008251598315,0.9575942014335979,0.01959337627376634,434,343.0,174,90.5,0.1018848499190114,0.10372014239185849,0.0,108.0,145.0,-37.0,95.7674348049715,99.3151903813334,-3.5477555763618938,"[28, 40, 0]",434,0
o_guarany_v1,complexo,pt,sbert,6000,9,54164,250,0.45269250869750977,5.32004425845144,5.542162682841779,0.2221184243903389,-10.488199566311929,0.9642210560347952,0.9568374727300717,0.007383583304723551,249,327.0,43,83.0,0.15628258800527012,0.10082246031182522,0.0554601276934449,89.0,135.5,-46.5,75.90161776270305,95.16013111998525,-19.258513357282197,"[65, 12, 0]",249,0
memorias_braz_cubas,intermediario,pt,sbert,6000,0,0,268,0.4667161703109741,5.681187482158899,5.654453430307923,0.026734051850976215,1.8066669196009222,0.9424228597091238,0.9530350506102963,0.010612190901172491,415,377.0,147,109.0,0.10399103042451738,0.09555869207247326,0.008432338352044114,196.0,167.5,28.5,111.13200139300875,112.01214364056655,-0.8801422475577994,"[46, 75, 0]",415,0
memorias_braz_cubas,intermediario,pt,sbert,6000,1,6034,266,0.4667161703109741,5.677307709614169,5.647761375322608,0.029546334291561394,2.180497575551971,0.9444444149459894,0.9522765401828963,0.007832125236906906,408,376.0,142,111.0,0.09971994238850118,0.08493629959197335,0.01478364279652783,140.0,166.5,-26.5,110.05087487497725,111.41415956030558,-1.363284685328324,"[58, 41, 0]",408,0
memorias_braz_cubas,intermediario,pt,sbert,6000,2,12058,278,0.4667161703109741,5.743873035625585,5.69389944017376,0.049973595451825226,3.139300667002893,0.9415692983927594,0.951157200855941,0.009587902463181641,446,398.0,168,120.0,0.09680839978972537,0.08505948103956024,0.011748918750165135,148.0,178.5,-30.5,113.985024231607,116.06282611113134,-2.077801879524344,"[32, 58, 0]",446,0
memorias_braz_cubas,intermediario,pt,sbert,6000,3,18093,333,0.4667161703109741,5.923340051811717,5.888769380516907,0.034570671294810396,3.1323734328738313,0.9319131090934364,0.9483947610034763,0.01648165191003992,576,498.5,251,166.5,0.125464558743977,0.07377445427680368,0.051690104467173315,165.0,203.5,-38.5,129.18146559226014,138.0689806783492,-8.887515086089053,"[37, 64, 0]",576,0
memorias_braz_cubas,intermediario,pt,sbert,6000,4,24100,326,0.4667161703109741,5.918493598594377,5.870013600037189,0.04847999855718843,3.2863686021036584,0.9342451325014025,0.9472125212211079,0.012967388719705375,564,491.0,238,166.5,0.11789677847084529,0.07635928469395625,0.041537493776889034,215.0,202.0,13.0,129.91960657812268,135.76889197802933,-5.849285399906648,"[39, 88, 0]",564,0
memorias_braz_cubas,intermediario,pt,sbert,6000,5,30113,353,0.4667161703109741,5.985188046506387,5.954115563418945,0.031072483087442038,1.9236824837914492,0.9396045656974988,0.9469345417119528,0.007329976014453954,584,536.0,238,184.5,0.12197355354080415,0.07908657923181925,0.0428869743089849,190.0,227.0,-37.0,139.2843933331811,147.1636927008886,-7.879299367707489,"[46, 72, 0]",584,0
memorias_braz_cubas,intermediario,pt,sbert,6000,6,36133,327,0.4667161703109741,5.853229183847656,5.870279860152832,0.01705067630517565,-1.0873097265705682,0.9556786547611374,0.9467529115068856,0.008925743254251883,457,493.0,130,168.0,0.09447209209162782,0.08376489459590572,0.010707197495722104,198.0,204.0,-6.0,132.3371379320571,135.89129508511303,-3.5541571530559395,"[72, 63, 0]",457,0
memorias_braz_cubas,intermediario,pt,sbert,6000,7,42134,358,0.4667161703109741,5.955763993401955,5.968615876853192,0.012851883451237,-0.9213641165976348,0.9422531749533299,0.9447735841900012,0.002520409236671295,556,552.5,208,197.5,0.11402325888195249,0.0694403247711902,0.04458293411076228,220.0,235.0,-15.0,137.53695560048908,148.85751115806323,-11.320555557574153,"[64, 78, 0]",556,0
memorias_braz_cubas,intermediario,pt,sbert,6000,8,48134,292,0.4667161703109741,5.730416618773022,5.747694442789188,0.01727782401616551,-1.0761302098379686,0.9572308629075444,0.950653792806992,0.006577070100552418,398,422.0,108,130.5,0.0688661830689268,0.07023900688389802,0.0,185.0,191.5,-6.5,121.95456228306048,121.73534883703056,0.21921344602992576,"[71, 57, 0]",398,0
memorias_braz_cubas,intermediario,pt,sbert,6000,9,54140,292,0.4667161703109741,5.739010718481233,5.747694442789188,0.008683724307954499,-0.5408561895844596,0.9570677183219058,0.950653792806992,0.006413925514913821,402,422.0,111,130.5,0.0655586668527868,0.07023900688389802,0.0,169.0,191.5,-22.5,117.99891295710448,121.73534883703056,-3.736435879926077,"[59, 55, 0]",402,0
memorias_braz_cubas,intermediario,pt,sbert,6000,10,60141,58,0.4667161703109741,4.0485410632303305,4.059666656795521,0.011125593565190606,-1.1981336692173459,0.9848370923062812,0.9916943200454257,0.006857227739144434,61,60.0,3,2.0,0.12767159110002269,0.08002791089092193,0.04764368020910076,28.0,36.0,-8.0,23.784608142010114,25.547331629959018,-1.7627234879489038,"[28, 0, 0]",61,0
metamorphosis,simples,en,sbert,6000,0,0,271,0.47503340244293213,5.693881497094499,5.675039217672885,0.018842279421614094,1.4479495991699332,0.9495417311682042,0.9505273501838718,0.000985619015667627,402,392.0,131,121.0,0.10072718666192435,0.09305368400183003,0.007673502660094311,129.0,147.5,-18.5,111.60633033877016,112.75185875377565,-1.1455284150054865,"[71, 29, 0]",402,0
metamorphosis,simples,en,sbert,6000,1,6017,189,0.47503340244293213,5.351682702573773,5.288710286959099,0.0629724156146736,4.235539270727051,0.940482362411582,0.9576660090326685,0.017183646621086512,296,250.5,107,62.5,0.08445646312816954,0.09828543127609579,0.0,86.0,102.5,-16.5,74.20139481749968,79.18748344907095,-4.986088631571278,"[22, 32, 0]",296,0
metamorphosis,simples,en,sbert,6000,2,12018,204,0.47503340244293213,5.397488197459264,5.366478988130508,0.03100920932875617,1.913470462580909,0.9419536137044886,0.9561728199187736,0.014219206214284963,308,274.5,104,70.5,0.053345398797552554,0.09924397787740954,0.0,119.0,113.0,6.0,84.16861751204242,85.69785683801206,-1.529239325969641,"[43, 38, 0]",308,0
metamorphosis,simples,en,sbert,6000,3,18061,190,0.47503340244293213,5.262250758828344,5.295351944871852,0.03310118604350798,-2.2012552850460905,0.95798141220648,0.9560358034311621,0.0019456087753179085,243,254.5,57,64.5,0.1303552654237189,0.06816438100070912,0.06219088442300977,123.0,105.0,18.0,78.7356072427679,79.80547358867149,-1.0698663459035913,"[59, 32, 0]",243,0
quincas_borba,complexo,pt,sbert,6000,0,0,378,0.47307872772216797,6.0444697557172855,6.011733265830348,0.032736489886937115,2.028566604509319,0.9446557904600902,0.9500059199680313,0.005350129507941115,601,563.5,223,187.0,0.07985008524940791,0.0836643870336905,0.0,257.0,254.0,3.0,151.008346615076,158.28988202098125,-7.2815354059052595,"[47, 105, 0]",601,0
quincas_borba,complexo,pt,sbert,6000,1,6001,338,0.47307872772216797,5.876747233516954,5.891231008417773,0.014483774900818425,-0.9261372195534852,0.9581552008070391,0.9521254762836857,0.006029724523353375,461,485.0,125,149.5,0.08395032466489949,0.08429428322340025,0.0,163.0,236.5,-73.5,140.9822947360876,141.59012060752343,-0.6078258714358356,"[73, 45, 0]",461,0
quincas_borba,complexo,pt,sbert,6000,2,12012,372,0.47307872772216797,6.035087517134999,6.001253252936873,0.0338342641981253,2.189289861655944,0.9422126871319066,0.9495047158364167,0.007292028704510067,605,557.5,235,187.5,0.08209595319772958,0.09206194747986665,0.0,228.0,256.5,-28.5,148.63279365834663,155.4574229043278,-6.8246292459811855,"[44, 92, 0]",605,0
quincas_borba,complexo,pt,sbert,6000,3,18026,366,0.47307872772216797,5.993097714703217,5.973399879468564,0.01969783523465285,1.4837217075210665,0.946021529852885,0.9518267377599813,0.005805207907096266,564,530.0,198,166.0,0.08818874481718242,0.08015173444944657,0.008037010367735853,228.0,251.5,-23.5,151.32522827683644,152.60260934934803,-1.277381072511588,"[70, 79, 0]",564,0
quincas_borba,complexo,pt,sbert,6000,4,24028,378,0.47307872772216797,6.032354895488552,6.011733265830348,0.02062162965820402,1.2778507836261341,0.9459954840118161,0.9500059199680313,0.004010435956215197,588,563.5,213,187.0,0.07343987930497499,0.0836643870336905,0.0,254.0,254.0,0.0,154.05365798315586,158.28988202098125,-4.236224037825394,"[56, 99, 0]",588,0
quincas_borba,complexo,pt,sbert,6000,5,30039,348,0.47307872772216797,5.965097535944054,5.916942954068414,0.04815458187563948,2.8879724650301113,0.9426607344248291,0.9518392673829439,0.009178532958114771,560,500.5,212,156.0,0.09630553989640057,0.0812214509240711,0.015084088972329476,221.0,239.0,-18.0,142.44634134496494,145.16463285806435,-2.718291513099416,"[47, 87, 0]",560,0
quincas_borba,complexo,pt,sbert,6000,6,36040,369,0.47307872772216797,6.068516574660583,5.986108405830731,0.08240816882985236,5.686831216845806,0.9373832304706503,0.949684631637161,0.012301401166510684,648,547.5,279,180.5,0.08081356286627558,0.08781567302697088,0.0,244.0,250.5,-6.5,151.93028054012785,154.1566691193671,-2.2263885792392557,"[38, 103, 0]",648,0
quincas_borba,complexo,pt,sbert,6000,7,42051,389,0.47307872772216797,6.034278268961263,6.046349017251773,0.012070748290510025,-0.9769665316046288,0.9527888587375929,0.9485348684358006,0.004253990301792299,563,585.0,177,198.0,0.08161572720270063,0.08834671704114469,0.0,221.0,263.5,-42.5,155.5502044098351,162.4872318588939,-6.937027449058803,"[61, 80, 0]",563,0
quincas_borba,complexo,pt,sbert,6000,8,48051,388,0.47307872772216797,6.035498063371175,6.041182614059025,0.005684550687850454,-0.4132793801778284,0.9454831660061156,0.9487049222100405,0.0032217562039249525,592,582.5,212,196.5,0.11232111281302876,0.08770320299803853,0.02461790981499022,222.0,266.5,-44.5,153.87649728100112,162.01490545288593,-8.138408171884805,"[56, 83, 0]",592,0
quincas_borba,complexo,pt,sbert,6000,9,54070,355,0.47307872772216797,5.977420923551748,5.940652747079776,0.0367681764719725,2.7532127947883196,0.9454107149111038,0.9517358598028054,0.006325144891701551,557,513.5,203,161.0,0.09823897009333962,0.08496699665428947,0.01327197343905015,218.0,232.5,-14.5,144.52328869505013,147.9073475966203,-3.384058901570171,"[64, 77, 0]",557,0
quincas_borba,complexo,pt,sbert,6000,10,60087,390,0.47307872772216797,6.079584708162896,6.047261418869859,0.032323289293037405,2.4979072104707547,0.943429682913659,0.9499627001754452,0.006533017261786123,629,582.5,244,194.0,0.1009304548591973,0.09399379321700213,0.006936661642195169,216.0,262.5,-46.5,153.32989963281787,162.51183713081576,-9.181937497997893,"[42, 87, 0]",629,0
quincas_borba,complexo,pt,sbert,6000,11,66094,418,0.47307872772216797,6.132307671611297,6.1210641041476,0.011243567463696813,0.9117978586522913,0.942160882121018,0.9469446483889394,0.00478376626792143,671,641.0,267,227.5,0.12311040757480039,0.08838826776038938,0.03472213981441101,283.0,286.0,-3.0,169.0459896122654,173.44902227762125,-4.403032665355852,"[59, 112, 0]",671,0
quincas_borba,complexo,pt,sbert,6000,12,72108,247,0.47307872772216797,5.524177224253606,5.548924594549015,0.024747370295409077,-1.6329600064690986,0.9561283571961859,0.9615010121077016,0.0053726549115156175,323,320.0,87,74.5,0.1395147668150511,0.10375813981034007,0.03575662700471102,163.0,152.0,11.0,97.83300004683453,104.17345187814448,-6.340451831309949,"[49, 57, 0]",323,0
