obra,nivel,idioma,embedder,janela_palavras,janela_idx,palavra_ini,n_sentencas,eps,H_obs,H_ref,delta_H,z_H,H_norm_obs,H_norm_ref,delta_H_norm,n_barras_obs,n_barras_ref,n_H1_obs,n_H1_ref,dB_obs_ref,dB_base,delta_dB,C_obs,C_ref,delta_T,Cpers_obs,Cpers_ref,delta_Tpers,beta_obs,n_barras,degenerado,palavra_fim,n_pal_obra,abs_z,palavras_por_frase,ttr,freq_log,vocabulario_raro_frac,aspas_cem,grupo
alice_wonderland,simples,en,sbert,4000,1,4016,204,0.479492723941803,5.395048614660534,5.343031758316149,0.0520168563443848,3.904918658050072,0.9532760081191288,0.9612227208623774,0.0079467127432485,287,259.5,83,55.5,0.0625147086295545,0.0761154315400666,0.0,83.0,87.0,-4.0,82.15610830961306,82.90529895786524,-0.7491906482521813,"[33, 25, 0]",287,0,8016,26525,3.904918658050072,20.480392156862745,0.2178075634274772,2.908327717965716,0.0409286740067017,5.289612254667305,gap_alto
alice_wonderland,simples,en,sbert,4000,4,16057,195,0.479492723941803,5.352474409264259,5.296650966071962,0.0558234431922972,3.72665594882483,0.94810464190155,0.9616193186002922,0.013514676698742,283,248.0,89,53.5,0.0918625392756441,0.0780740495312861,0.0137884897443579,70.0,87.5,-17.5,72.06498659209262,79.31888916907613,-7.253902576983506,"[26, 22, 0]",283,0,20057,26525,3.72665594882483,21.235897435897435,0.2045399661917411,2.9435014780265814,0.0350156966916203,6.930693069306931,gap_alto
alice_wonderland,simples,en,sbert,4000,5,20062,249,0.479492723941803,5.499663825038535,5.553571723625171,0.0539078985866359,-3.860841388241455,0.9565642561776864,0.9560759925059842,0.0004882636717021,314,332.5,71,83.5,0.112969820834584,0.067751234754413,0.045218586080171,76.0,114.0,-38.0,86.96169089887316,100.17268795406837,-13.210997055195191,"[42, 17, 0]",314,0,24062,26525,3.860841388241455,16.698795180722893,0.2106782106782107,2.904312581089329,0.0456950456950457,9.932659932659933,gap_alto
alice_wonderland,simples,en,sbert,4000,0,0,174,0.479492723941803,5.198303519940792,5.175510384767227,0.0227931351735648,2.177295348371129,0.9559080007183856,0.9655220180933448,0.0096140173749591,230,212.5,57,39.0,0.0687050126086772,0.0767204967332668,0.0,73.0,76.5,-3.5,69.93634548986832,71.39709162301273,-1.4607461331444114,"[49, 12, 0]",230,0,4000,26525,2.177295348371129,23.557471264367816,0.2210295193949744,2.908507783347176,0.0348865576969992,3.2202976335691638,gap_baixo
alice_wonderland,simples,en,sbert,4000,2,8018,190,0.479492723941803,5.27786577488325,5.26712903527985,0.0107367396034003,0.9421345520649954,0.951125141219416,0.9629249333314078,0.0117997921119917,257,237.5,67,47.5,0.0877459096289887,0.0670365070732089,0.0207094025557798,67.0,83.0,-16.0,70.45348779968441,77.85060369098954,-7.397115891305134,"[39, 14, 0]",257,0,12018,26525,0.9421345520649954,21.71578947368421,0.2183713039263209,2.922871493683972,0.0416868637905962,5.8167716917111,gap_baixo
alice_wonderland,simples,en,sbert,4000,3,12044,239,0.479492723941803,5.542083682320145,5.505771191106758,0.0363124912133869,3.614724227251362,0.9503078472359134,0.96026912852416,0.0099612812882465,341,309.0,103,71.0,0.0716609054549474,0.0670525661368298,0.0046083393181176,99.0,108.0,-9.0,89.30191426114445,96.5899084529223,-7.287994191777855,"[31, 34, 0]",341,0,16044,26525,3.614724227251362,17.460251046025103,0.2053678408818595,2.929702781342301,0.0335490055116223,8.986340762041696,gap_baixo
dom_casmurro,intermediario,pt,sbert,4000,4,16025,236,0.4636055827140808,5.5666904600472416,5.512191959040299,0.0544985010069423,4.0144397632807305,0.943962220588636,0.9604883126233204,0.0165260920346843,364,309.5,129,74.0,0.1208397077758088,0.0970339646550349,0.0238057431207739,92.0,159.5,-67.5,92.57378055407396,99.78126163813212,-7.207481084058159,"[42, 25, 0]",364,0,20025,65707,4.0144397632807305,17.52542372881356,0.3326885880077369,2.613006877036025,0.1172630560928433,0.2901353965183752,gap_alto
dom_casmurro,intermediario,pt,sbert,4000,5,20052,224,0.4636055827140808,5.521896158004952,5.458746772713994,0.0631493852909583,4.922863176641656,0.9421766888367232,0.9604385038894392,0.018261815052716,351,294.0,127,70.0,0.087440987149514,0.0857355959219659,0.001705391227548,97.0,149.5,-52.5,88.63560730359657,94.9466894298718,-6.311082126275238,"[35, 31, 0]",351,0,24052,65707,4.922863176641656,18.352678571428573,0.3184140111894916,2.693734567575011,0.1048406713694964,0.3162247628314278,gap_alto
dom_casmurro,intermediario,pt,sbert,4000,14,56131,233,0.4636055827140808,5.546884157339402,5.496576685197425,0.0503074721419771,3.844514363316637,0.946440280508844,0.96109159034712,0.014651309838276,351,306.0,119,73.0,0.0829996395235245,0.0774481461968322,0.0055514933266922,156.0,160.5,-4.5,94.80450200903894,98.78471564761712,-3.980213638578192,"[46, 55, 0]",351,0,60131,65707,3.844514363316637,17.721030042918454,0.3400339065148946,2.6409106961682056,0.1138290142891741,0.0726568176313877,gap_alto
dom_casmurro,intermediario,pt,sbert,4000,1,4005,235,0.4636055827140808,5.517244205285416,5.511005911194276,0.0062382940911396,0.4488320979311846,0.9612270494251468,0.9596135975987864,0.0016134518263604,311,312.5,77,77.5,0.11222474915407,0.0575893222970356,0.0546354268570343,124.0,157.5,-33.5,95.39637956952956,99.71952526050296,-4.323145690973405,"[54, 35, 0]",311,0,8005,65707,0.4488320979311846,17.463829787234044,0.3552631578947368,2.611152815679903,0.1252436647173489,0.2436647173489278,gap_baixo
dom_casmurro,intermediario,pt,sbert,4000,6,24054,223,0.4636055827140808,5.452374410085383,5.455765385381423,0.0033909752960399,-0.2181083590004705,0.9610547739515174,0.960267924947396,0.0007868490041214,291,294.5,68,71.5,0.0875169758101886,0.082412104379781,0.0051048714304075,115.0,150.0,-35.0,89.25085584798438,94.46632581908808,-5.215469971103687,"[51, 32, 0]",291,0,28054,65707,0.2181083590004705,18.426008968609864,0.3370649793137016,2.6072617886209675,0.1185203212460452,0.1460209296665855,gap_baixo
dom_casmurro,intermediario,pt,sbert,4000,11,44084,236,0.4636055827140808,5.522213287957535,5.512191959040299,0.0100213289172357,0.7381858315908802,0.9563016702515064,0.9604883126233204,0.0041866423718142,322,309.5,87,74.0,0.1196294438273142,0.0970339646550349,0.0225954791722793,165.0,159.5,5.5,98.0722543565283,99.78126163813212,-1.709007281603817,"[53, 56, 0]",322,0,48084,65707,0.7381858315908802,17.491525423728813,0.3255813953488372,2.676237894680505,0.1053779069767441,0.314922480620155,gap_baixo
memorias_braz_cubas,intermediario,pt,sbert,4000,3,12058,185,0.4667161703109741,5.304911386784982,5.257395609402588,0.0475157773823946,3.0142249145875786,0.9450900257821804,0.9643045784211896,0.0192145526390092,274,233.5,89,48.5,0.0945005641859805,0.0978286671065537,0.0,79.0,118.0,-39.0,73.99141949558324,78.76220905952745,-4.770789563944206,"[29, 25, 0]",274,0,16058,61549,3.0142249145875786,22.762162162162163,0.3609593920683923,2.588074060995745,0.1436713369745903,0.1187366421277606,gap_alto
memorias_braz_cubas,intermediario,pt,sbert,4000,4,16091,218,0.4667161703109741,5.48379228770914,5.431926544142296,0.0518657435668448,3.914471873494472,0.935221217618584,0.9576552724859346,0.0224340548673507,352,290.0,139,73.0,0.1316723262579013,0.1044368187561709,0.0272355075017304,194.0,141.0,53.0,89.64967079538349,91.97481507163778,-2.325144276254292,"[34, 80, 0]",352,0,20091,61549,3.914471873494472,19.110091743119263,0.3461353816610658,2.612639868937653,0.1262602016322611,0.0720115218434949,gap_alto
memorias_braz_cubas,intermediario,pt,sbert,4000,7,28128,250,0.4667161703109741,5.645159489527208,5.580791861079745,0.0643676284474628,5.342649550114035,0.938333115255628,0.9522112570933852,0.013878141837757,410,350.0,160,101.5,0.0721427154298421,0.0886999089917396,0.0,127.0,160.0,-33.0,99.70489936038727,104.65051697383126,-4.945617613443972,"[29, 49, 0]",410,0,32128,61549,5.342649550114035,16.78,0.3442193087008343,2.6455371323948462,0.1158522050059594,0.0476758045292014,gap_alto
memorias_braz_cubas,intermediario,pt,sbert,4000,8,32140,239,0.4667161703109741,5.527452024992073,5.531285778449817,0.0038337534577443,-0.2686383925546547,0.949720492154126,0.9565208834476626,0.0068003912935366,337,326.0,105,88.5,0.1401749931412184,0.1000614797495095,0.0401135133917089,137.0,156.0,-19.0,93.61982655441814,100.48970723610115,-6.8698806816830285,"[47, 45, 0]",337,0,36140,61549,0.2686383925546547,17.334728033472803,0.3661597875935312,2.579163020686769,0.1438571083755732,0.1689596910451363,gap_baixo
memorias_braz_cubas,intermediario,pt,sbert,4000,9,36143,215,0.4667161703109741,5.413606221615425,5.419871048018273,0.0062648264028473,-0.3742963993949398,0.9625870146491496,0.9584269818973772,0.0041600327517723,277,285.5,62,71.5,0.0820736029319978,0.094109843672079,0.0,107.0,132.0,-25.0,85.54576108938798,90.30189476143076,-4.756133672042779,"[57, 25, 0]",277,0,40143,61549,0.3742963993949398,19.46511627906977,0.3471923536439665,2.628843019998416,0.1273596176821983,0.07168458781362,gap_baixo
memorias_braz_cubas,intermediario,pt,sbert,4000,13,52204,184,0.4667161703109741,5.246420076793007,5.250255173983774,0.003835097190767,-0.2584861941657782,0.9639870285314804,0.9625716974944633,0.0014153310370174,231,234.0,48,50.5,0.0801596921925451,0.0887335070698714,0.0,107.0,119.0,-12.0,75.80738113604058,77.67648834837999,-1.869107212339415,"[41, 33, 0]",231,0,56204,61549,0.2584861941657782,22.21195652173913,0.3665280156594079,2.579736817503117,0.1519451920724247,0.1957425984829948,gap_baixo
metamorphosis,simples,en,sbert,4000,1,4003,147,0.4750334024429321,5.0819999827837385,5.02715422258036,0.0548457602033787,3.649386183031144,0.9446276850318198,0.963255793468879,0.0186281084370592,217,184.5,70,38.0,0.0743521637635794,0.0509617672576937,0.0233903965058857,63.0,80.0,-17.0,58.44695667440452,62.390342474906646,-3.943385800502128,"[23, 20, 0]",217,0,8003,21935,3.649386183031144,27.68027210884354,0.2344556402064389,2.8983636968099478,0.0474318014254116,0.8847382649299582,gap_alto
metamorphosis,simples,en,sbert,4000,4,16064,160,0.4750334024429321,5.162235580256569,5.107385881605348,0.0548496986512212,4.554577862504501,0.9470187422508062,0.9619685722605889,0.0149498300097826,233,202.5,73,43.0,0.0712788258736236,0.097326884674782,0.0,87.0,88.0,-1.0,67.13608574842995,67.55174297846175,-0.4156572300317975,"[35, 26, 0]",233,0,20064,21935,4.554577862504501,25.60625,0.2284598486697583,2.887321608723567,0.0466194776665853,1.1959970710275811,gap_alto
metamorphosis,simples,en,sbert,4000,0,0,188,0.4750334024429321,5.288777615747206,5.284906055266471,0.0038715604807348,0.2654028538438177,0.9592538253851493,0.956101239003899,0.0031525863812501,248,251.5,60,64.5,0.1089691535238647,0.1009022411080564,0.0080669124158083,101.0,101.0,0.0,78.48402618727064,78.92615679363422,-0.4421306063635768,"[63, 19, 0]",248,0,4000,21935,0.2654028538438177,21.96276595744681,0.2339549527730685,2.8934285860314124,0.0489222572051344,1.550012109469605,gap_baixo
metamorphosis,simples,en,sbert,4000,3,12014,132,0.4750334024429321,4.94017787423653,4.912559439501622,0.0276184347349079,2.1380114331262225,0.947313275533344,0.9648420178339404,0.0175287423005963,184,162.0,52,30.0,0.0553700835461767,0.0842496124136943,0.0,84.0,71.5,12.5,54.29372617227716,56.13371735444808,-1.83999118217092,"[34, 25, 0]",184,0,16014,21935,2.1380114331262225,31.174242424242426,0.2444714459295261,2.8575184372474745,0.059052247873633,0.4860267314702308,gap_baixo
quincas_borba,complexo,pt,sbert,4000,4,16021,239,0.4730787277221679,5.562819084483076,5.512320810813868,0.0504982736692074,4.042337900767937,0.9464221072555232,0.9611994602912944,0.0147773530357713,357,310.0,118,72.0,0.0767621782349863,0.0917201291543574,0.0,125.0,151.0,-26.0,96.85528535970238,101.13705781405,-4.281772454347617,"[39, 43, 0]",357,0,20021,76026,4.042337900767937,17.376569037656903,0.3248254274018781,2.6885174206043416,0.1047435588731037,0.0481579581025764,gap_alto
quincas_borba,complexo,pt,sbert,4000,7,28065,241,0.4730787277221679,5.571857748992318,5.524141698331617,0.0477160506607008,3.3084948095355022,0.9426576626705744,0.96089894619007,0.0182412835194958,369,314.0,130,74.0,0.1047516324975334,0.0948958837116371,0.0098557487858963,135.0,155.0,-20.0,96.37722196934575,101.73080305048364,-5.353581081137889,"[35, 50, 0]",369,0,32065,76026,3.3084948095355022,17.29045643153527,0.3302135829133669,2.6611440047966908,0.1079913606911447,0.0959923206143508,gap_alto
quincas_borba,complexo,pt,sbert,4000,9,36080,243,0.4730787277221679,5.588624327102213,5.531930413947624,0.0566939131545893,3.6857684337976857,0.944200802497498,0.9606736352845308,0.0164728327870329,372,317.5,129,76.0,0.0832842406001375,0.0951760839487954,0.0,153.0,153.5,-0.5,100.30423352953592,102.5054644781903,-2.201230948654384,"[39, 57, 0]",372,0,40080,76026,3.6857684337976857,17.02880658436214,0.3552440792653455,2.5876346809943467,0.1292895118414693,0.2174963750604156,gap_alto
quincas_borba,complexo,pt,sbert,4000,2,8016,225,0.4730787277221679,5.446434220400825,5.452608304561124,0.0061740841602997,-0.3681932651140228,0.960590582833222,0.9631222516545996,0.0025316688213775,290,287.0,67,62.5,0.1091884479524026,0.1077712820442514,0.0014171659081512,116.0,139.5,-23.5,92.56428981872246,95.36644779483078,-2.802157976108319,"[58, 29, 0]",290,0,12016,76026,0.3681932651140228,18.462222222222223,0.3401540683678382,2.615604468074221,0.1225324987963408,0.0962927298988926,gap_baixo
quincas_borba,complexo,pt,sbert,4000,11,44088,266,0.4730787277221679,5.6216716279189285,5.6273222102064375,0.005650582287509,-0.3729555738277714,0.9573499424678842,0.9591183064474996,0.0017683639796155,355,354.0,93,89.0,0.1208990600419099,0.0873371777810035,0.0335618822609063,149.0,167.0,-18.0,104.95745570251518,111.50867633031916,-6.5512206278039855,"[55, 47, 0]",355,0,48088,76026,0.3729555738277714,15.789473684210526,0.3361904761904762,2.6042934671991462,0.1109523809523809,0.3333333333333333,gap_baixo
quincas_borba,complexo,pt,sbert,4000,13,52127,237,0.4730787277221679,5.497185470469354,5.504181282317221,0.006995811847867,-0.4840962324781471,0.9626575129571404,0.9611450457962428,0.0015124671608978,302,306.0,67,70.0,0.0780803729962143,0.0917350598646685,0.0,122.0,148.5,-26.5,97.733166726557,99.92702754702216,-2.193860820465176,"[52, 35, 0]",302,0,56127,76026,0.4840962324781471,17.31645569620253,0.3576998050682261,2.5798837988072423,0.1293859649122807,0.3898635477582846,gap_baixo
ulysses,complexo,en,sbert,4000,60,240770,73,0.5766736268997192,4.433704468080855,4.287483371379182,0.146221096701673,20.44670409631254,0.9182718251772254,0.9915875297108988,0.0733157045336733,125,75.0,52,2.5,0.137999578859947,0.1317140907856431,0.0062854880743038,33.0,44.0,-11.0,37.37884222851304,39.69986621702375,-2.32102398851071,"[9, 12, 0]",125,0,244770,265059,20.44670409631254,54.64383561643836,0.2534469791927801,2.91388685859054,0.0599147656054148,0.0,gap_alto
ulysses,complexo,en,sbert,4000,62,248790,68,0.5766736268997192,4.389815028962093,4.215671105479336,0.1741439234827568,18.06981815290121,0.9018559752671548,0.9941442603980776,0.092288285130923,130,69.0,62,1.0,0.124981502674476,0.121107584719504,0.003873917954972,62.0,41.0,21.0,36.02905042495598,37.01130408621204,-0.9822536612560596,"[2, 30, 0]",130,0,252790,265059,18.06981815290121,58.94117647058823,0.3008982035928144,2.8196802509487755,0.0855788423153692,0.0,gap_alto
ulysses,complexo,en,sbert,4000,63,252811,67,0.5766736268997192,4.383645620369428,4.201685561254697,0.181960059114731,25.289218865919946,0.8977725678553546,0.9931431195518896,0.0953705516965348,132,68.5,65,2.0,0.1057916770403803,0.1185555862534818,0.0,34.0,40.0,-6.0,35.82658851127439,36.56442341440595,-0.7378349031315636,"[2, 16, 0]",132,0,256811,265059,25.289218865919946,59.74626865671642,0.2970272295778166,2.8113962393584164,0.0824381713714714,0.0,gap_alto
ulysses,complexo,en,sbert,4000,64,256831,67,0.5766736268997192,4.358951399223843,4.201685561254697,0.1572658379691454,21.85716038939252,0.9089119630601918,0.9931431195518896,0.0842311564916976,121,68.5,54,2.0,0.1329198877768985,0.1185555862534818,0.0143643015234167,16.0,40.0,-24.0,33.72211537494741,36.56442341440595,-2.842308039458544,"[2, 7, 0]",121,0,260831,265059,21.85716038939252,59.53731343283582,0.2807721233391828,2.81866416674202,0.0726999247931812,0.0,gap_alto
ulysses,complexo,en,sbert,4000,6,24021,535,0.5766736268997192,6.419333543030817,6.416676531210623,0.0026570118201938,0.1854606648337128,0.9371117242710456,0.9325800896187456,0.0045316346522999,944,971.5,416,441.0,0.0878934976223591,0.0792730537369772,0.0086204438853819,499.0,469.0,30.0,262.2827670046425,274.95141887872546,-12.668651874082968,"[45, 227, 0]",944,0,28021,265059,0.1854606648337128,7.689719626168224,0.3293631502187651,2.697230259440649,0.0952843947496353,0.0,gap_baixo
ulysses,complexo,en,sbert,4000,14,56097,609,0.5766736268997192,6.557267224013772,6.560997051631613,0.0037298276178407,-0.2258632946329659,0.9381818119293576,0.9303221599058352,0.0078596520235225,1085,1157.5,483,553.5,0.0765016587328132,0.0644752347370735,0.0120264239957396,429.0,521.0,-92.0,294.3401876999,312.348039444453,-18.007851744553022,"[43, 193, 0]",1085,0,60097,265059,0.2258632946329659,6.724137931034483,0.4048840048840049,2.4871912998338246,0.1638583638583638,0.0,gap_baixo
ulysses,complexo,en,sbert,4000,19,76107,308,0.5766736268997192,5.796686091092272,5.800289156424372,0.0036030653320997,-0.2379902864020951,0.9367224759315446,0.9453494030045456,0.0086269270730011,487,460.0,189,153.5,0.1747640113947475,0.1009886161696155,0.0737753952251319,159.0,234.0,-75.0,141.7348913941082,158.60060192695283,-16.865710532844645,"[29, 65, 0]",487,0,80107,265059,0.2379902864020951,13.292207792207792,0.3590620420127015,2.581190774172798,0.1362970200293111,0.0,gap_baixo
ulysses,complexo,en,sbert,4000,21,84132,371,0.5766736268997192,5.996965333063716,5.9993161740244485,0.0023508409607329,-0.1527301517539732,0.9348206848985996,0.9416835019703682,0.0068628170717685,611,584.0,251,216.0,0.178210185864902,0.0849322772186789,0.093277908646223,242.0,302.0,-60.0,163.4749845265793,190.7024304709776,-27.227445944398283,"[20, 111, 0]",611,0,88132,265059,0.1527301517539732,11.06199460916442,0.3791423001949318,2.4868387333383466,0.1525341130604288,0.0,gap_baixo
